name,slug,brand,category,subcategory,ram,storage,cash_price,deposit,weekly_installment,stock_quantity,is_active,image_urls,cloudinary_public_ids,description,full_details
REALME NOTE 60X,realme-note-60x-4gb-64gb,Realme,Phone,Smartphone,4GB,64GB,15600.0,3200.0,560.0,0,True,[],[],"The Realme Note 60x is a budget-friendly smartphone with a 6.74-inch 90Hz IPS LCD display, a Unisoc Tiger T612 chipset, and a large 5000mAh battery for all-day use. It features an 8MP rear camera with LED flash and a 5MP front camera for everyday photography, and its IP54-rated build with reinforced glass adds extra durability for the price.","{""display"": ""6.74\"" IPS LCD"", ""display_resolution"": ""720 x 1600 px (HD+), 90Hz"", ""processor"": ""Unisoc Tiger T612 (12nm), Octa-core (2x1.8GHz Cortex-A75 + 6x1.8GHz Cortex-A55)"", ""operating_system"": ""Android 14 (Realme UI 5.0)"", ""rear_camera"": ""8MP main + 2MP depth sensor"", ""front_camera"": ""5MP"", ""battery"": ""5000mAh, 10W wired charging"", ""network"": ""2G/3G/4G"", ""colors"": ""Wilderness Green, Marble Black""}"
INFINIX HOT 70,infinix-hot-70-6gb-256gb,Infinix,Phone,Smartphone,6GB,256GB,26700.0,2600.0,1015.0,0,True,"[""https://res.cloudinary.com/el6nseiu/image/upload/v1785434636/Infinix-Hot-70_akwdj0.webp""]","[""Infinix-Hot-70_akwdj0""]","The Infinix Hot 70 pairs a large 6.78-inch 120Hz IPS LCD display with the MediaTek Helio G100 Ultimate chipset, up to 8GB of RAM, and up to 256GB of expandable storage. Its standout feature is a 6,000mAh battery with 45W fast charging that comfortably lasts up to two days on moderate use, backed by IP65 water and dust resistance.","{""display"": ""6.78\"" IPS LCD"", ""display_resolution"": ""720 x 1576 px (HD+), 120Hz"", ""processor"": ""MediaTek Helio G100 Ultimate, Octa-core"", ""operating_system"": ""Android 16 (XOS 16)"", ""rear_camera"": ""50MP (f/1.85) main + auxiliary lens"", ""front_camera"": ""8MP"", ""battery"": ""6000mAh, 45W wired + 10W reverse wired charging"", ""network"": ""4G"", ""colors"": ""Thermo Orange, Quiet Violet, Green Texture, Night Pulse, Silver Dancer, Dive Blue""}"
INFINIX HOT 50 PRO PLUS,infinix-hot-50-pro-plus-8gb-256gb,Infinix,Phone,Smartphone,8GB,256GB,25950.0,2600.0,1015.0,0,True,"[""https://res.cloudinary.com/el6nseiu/image/upload/v1785759642/Infinix-Hot-50-Pro-Plus_vacno0.jpg"", ""https://res.cloudinary.com/el6nseiu/image/upload/v1785961175/Infinix-Hot-50-Pro-Plus1_akqmh0.webp"", ""https://res.cloudinary.com/el6nseiu/image/upload/v1785961174/Infinix-Hot-50-Pro-Plus-Aa_ni9lbg.jpg""]","[""Infinix-Hot-50-Pro-Plus_vacno0"", ""Infinix-Hot-50-Pro-Plus1_akqmh0"", ""Infinix-Hot-50-Pro-Plus-Aa_ni9lbg""]","The Infinix Hot 50 Pro+ is known for its ultra-slim, curved AMOLED design, packing a 6.78-inch 120Hz FHD+ display with up to 1,300 nits peak brightness into a light 162g body. It runs on the MediaTek Helio G100 chipset with up to 8GB RAM, a 50MP main camera, and a 5000mAh battery, all wrapped in an IP54-rated frame with Gorilla Glass protection.","{""display"": ""6.78\"" AMOLED (3D-curved)"", ""display_resolution"": ""1080 x 2436 px (FHD+), 120Hz"", ""processor"": ""MediaTek Helio G100 (6nm), Octa-core (2x2.2GHz Cortex-A76 + 6x2.0GHz Cortex-A55)"", ""operating_system"": ""Android 14 (XOS 14.5)"", ""rear_camera"": ""50MP (f/1.6) main + 2MP depth sensor"", ""front_camera"": ""13MP"", ""battery"": ""5000mAh, 33W wired + 10W reverse wired charging"", ""network"": ""4G"", ""colors"": ""Sleek Black, Titanium Grey, Dreamy Purple, Blossom Pink""}"
INFINIX NOTE EDGE,infinix-note-edge-8gb-256gb,Infinix,Phone,Smartphone,8GB,256GB,36700.0,3600.0,1365.0,0,True,"[""https://res.cloudinary.com/el6nseiu/image/upload/v1785434635/Infinix-Note-Edge_tlcaxp.webp"", ""https://res.cloudinary.com/el6nseiu/image/upload/v1785961173/Infinix-Note-Edge-a_sw2mfw.webp"", ""https://res.cloudinary.com/el6nseiu/image/upload/v1785961170/Infinix-Noted-Edge-c_qlm5xt.webp"", ""https://res.cloudinary.com/el6nseiu/image/upload/v1785961170/Infinix-Note-Edge-2_srpydi.webp""]","[""Infinix-Note-Edge_tlcaxp"", ""Infinix-Note-Edge-a_sw2mfw"", ""Infinix-Noted-Edge-c_qlm5xt"", ""Infinix-Note-Edge-2_srpydi""]","The Infinix Note Edge is a slim, ergonomic smartphone built around a 6.78-inch curved AMOLED display with up to 4,500 nits peak brightness and a 120Hz refresh rate. Powered by the MediaTek Dimensity 7100 chipset with 8GB RAM, it packs a 6,500mAh battery with 45W charging and a 50MP main camera in a body just 7.2mm thick.","{""display"": ""6.78\"" AMOLED (curved)"", ""display_resolution"": ""1208 x 2644 px (1.5K), 120Hz"", ""processor"": ""MediaTek Dimensity 7100 (6nm), Octa-core (4x2.4GHz Cortex-A78 + 4x2.0GHz Cortex-A55)"", ""operating_system"": ""Android 16 (XOS 16)"", ""rear_camera"": ""50MP (f/1.8)"", ""front_camera"": ""13MP"", ""battery"": ""6500mAh Silicon-Carbon, 45W wired + 10W reverse wired charging"", ""network"": ""4G/5G"", ""colors"": ""Lunar Titanium, Silk Green, Stellar Blue, Shadow Black""}"
INFINIX HOT 60 PRO PLUS,infinix-hot-60-pro-plus-8gb-256gb,Infinix,Phone,Smartphone,8GB,256GB,27450.0,2700.0,1050.0,0,True,"[""https://res.cloudinary.com/el6nseiu/image/upload/v1785759635/Infinix-Hot-60-Pro-Plus_q8l7ul.webp"", ""https://res.cloudinary.com/el6nseiu/image/upload/v1785961170/Infinix-Hot-60-Pro-Plus-c-1_tsitn4.webp"", ""https://res.cloudinary.com/el6nseiu/image/upload/v1785961170/Infinix-Hot-60-Pro-Plus-a_pgui15.webp"", ""https://res.cloudinary.com/el6nseiu/image/upload/v1785961169/Infinix-Hot-60-Pro-Plus_evqpte.webp"", ""https://res.cloudinary.com/el6nseiu/image/upload/v1785961163/Infinix-Hot-60-Pro-Plus-d_m8dw1b.webp"", ""https://res.cloudinary.com/el6nseiu/image/upload/v1785961163/Infinix-Hot-60-Pro-Plus_1_zpxavq.webp"", ""https://res.cloudinary.com/el6nseiu/image/upload/v1785961162/Infinix-Hot-60-Pro-Plus-a_1_qgkckl.webp""]","[""Infinix-Hot-60-Pro-Plus_q8l7ul"", ""Infinix-Hot-60-Pro-Plus-c-1_tsitn4"", ""Infinix-Hot-60-Pro-Plus-a_pgui15"", ""Infinix-Hot-60-Pro-Plus_evqpte"", ""Infinix-Hot-60-Pro-Plus-d_m8dw1b"", ""Infinix-Hot-60-Pro-Plus_1_zpxavq"", ""Infinix-Hot-60-Pro-Plus-a_1_qgkckl""]","Marketed as one of the world's slimmest curved-display phones, the Infinix Hot 60 Pro+ measures around 6-6.8mm thick and weighs roughly 155-162g. It features a 1.5K 144Hz AMOLED curved display, the MediaTek Helio G200 chipset, a 50MP Sony IMX882 camera, and a 5,160mAh battery, all housed in a durable IP65-rated fibreglass-and-glass build.","{""display"": ""6.78\"" AMOLED (3D-curved)"", ""display_resolution"": ""1224 x 2720 px (1.5K), 144Hz"", ""processor"": ""MediaTek Helio G200 (6nm), Octa-core"", ""operating_system"": ""Android 15 (XOS 15.1)"", ""rear_camera"": ""50MP Sony IMX882 (f/1.6) + auxiliary lenses"", ""front_camera"": ""13MP"", ""battery"": ""5160mAh, 45W wired charging"", ""network"": ""4G"", ""colors"": ""Sleek Black, Titanium Silver, Coral Tides, Misty Violet, Sonic Yellow, Moco Cyber Green""}"
INFINIX HOT 70 PRO,infinix-hot-70-pro-8gb-256gb,Infinix,Phone,Smartphone,8GB,256GB,38600.0,3700.0,1435.0,0,True,"[""https://res.cloudinary.com/el6nseiu/image/upload/v1785434636/Infinix-Hot-70-Pro_vc6ak9.webp"", ""https://res.cloudinary.com/el6nseiu/image/upload/v1785961178/Infinix-Hot-70-Pro-5G-b_fenwgd.webp"", ""https://res.cloudinary.com/el6nseiu/image/upload/v1785961176/Infinix-Hot-70-Pro-5G-w_ackp0d.webp"", ""https://res.cloudinary.com/el6nseiu/image/upload/v1785961175/Infinix-Hot-70-Pro-5G-g_jllezz.webp"", ""https://res.cloudinary.com/el6nseiu/image/upload/v1785961175/Infinix-Hot-70-Pro-5G-p_e9rrnh.webp"", ""https://res.cloudinary.com/el6nseiu/image/upload/v1785961174/Infinix-Hot-70-Pro-5G-gd_yqblmj.webp"", ""https://res.cloudinary.com/el6nseiu/image/upload/v1785961168/Infinix-Hot-70-Pro-5G-b_1_nvqd7i.webp"", ""https://res.cloudinary.com/el6nseiu/image/upload/v1785961164/Infinix-Hot-70-Pro-5G-bl_trfpd3.webp"", ""https://res.cloudinary.com/el6nseiu/image/upload/v1785961164/Infinix-Hot-70-Pro-5G-g_1_yieowl.webp"", ""https://res.cloudinary.com/el6nseiu/image/upload/v1785961164/Infinix-Hot-70-Pro-5G-p_1_q3qjzz.webp"", ""https://res.cloudinary.com/el6nseiu/image/upload/v1785961164/Infinix-Hot-70-Pro-5G-gd_1_g1ts6h.webp""]","[""Infinix-Hot-70-Pro_vc6ak9"", ""Infinix-Hot-70-Pro-5G-b_fenwgd"", ""Infinix-Hot-70-Pro-5G-w_ackp0d"", ""Infinix-Hot-70-Pro-5G-g_jllezz"", ""Infinix-Hot-70-Pro-5G-p_e9rrnh"", ""Infinix-Hot-70-Pro-5G-gd_yqblmj"", ""Infinix-Hot-70-Pro-5G-b_1_nvqd7i"", ""Infinix-Hot-70-Pro-5G-bl_trfpd3"", ""Infinix-Hot-70-Pro-5G-g_1_yieowl"", ""Infinix-Hot-70-Pro-5G-p_1_q3qjzz"", ""Infinix-Hot-70-Pro-5G-gd_1_g1ts6h""]","The Infinix Hot 70 Pro 5G brings a 6.76-inch 144Hz FHD+ IPS LCD display, the 5G-capable MediaTek Dimensity 7100 chipset, and up to 8GB RAM with 256GB storage to Infinix's budget lineup. It's built around a 6,000mAh self-healing battery with 45W charging, a 50MP Sony IMX882 camera, and IP68 water resistance, with a unique Dot Matrix rear display for notifications.","{""display"": ""6.76\"" IPS LCD (adaptive refresh)"", ""display_resolution"": ""1080 x 2436 px (FHD+), up to 144Hz"", ""processor"": ""MediaTek Dimensity 7100 (6nm), Octa-core (4x Cortex-A78 + 4x Cortex-A75)"", ""operating_system"": ""Android 16 (XOS 16)"", ""rear_camera"": ""50MP Sony IMX882 (f/1.95)"", ""front_camera"": ""8MP"", ""battery"": ""6000mAh (5600mAh in some markets), 45W wired charging"", ""network"": ""4G/5G"", ""colors"": ""Thermo Orange, Mirage Green, Silk Glow Purple, Depth Ring White, Night Pulse, Dive Blue""}"
INFINIX GT30 PRO,infinix-gt30-pro-12gb-256gb,Infinix,Phone,Smartphone,12GB,256GB,40300.0,3900.0,1505.0,0,True,[],[],"The Infinix GT 30 Pro is a gaming-focused smartphone with pressure-sensitive shoulder triggers, RGB lighting, and a 6.78-inch 144Hz AMOLED display reaching up to 1,815 nits of brightness. It runs on the MediaTek Dimensity 8350 Ultimate chipset with up to 12GB RAM and 512GB UFS 4.0 storage, a 108MP main camera, and a 5,500mAh battery with bypass charging for extended gaming sessions.","{""display"": ""6.78\"" LTPS AMOLED"", ""display_resolution"": ""1224 x 2720 px (FHD+), 144Hz"", ""processor"": ""MediaTek Dimensity 8350 Ultimate (4nm), Octa-core"", ""operating_system"": ""Android 15 (XOS 15)"", ""rear_camera"": ""108MP main + 8MP ultrawide"", ""front_camera"": ""13MP"", ""battery"": ""5500mAh, 45W wired + 30W wireless charging"", ""network"": ""4G/5G"", ""colors"": ""Blade White, Shadow Ash, Dark Flare""}"
INFINIX NOTE 60 PRO,infinix-note-60-pro-8gb-256gb,Infinix,Phone,Smartphone,8GB,256GB,43200.0,4200.0,1575.0,0,True,"[""https://res.cloudinary.com/el6nseiu/image/upload/v1785434635/Infinix-Note-60-Pro_ndr6kt.webp"", ""https://res.cloudinary.com/el6nseiu/image/upload/v1785961164/Infinix-Note-60-Pro-5G_v27ui2.webp"", ""https://res.cloudinary.com/el6nseiu/image/upload/v1785961164/Infinix-Note-60-Pro-b_irrfij.webp"", ""https://res.cloudinary.com/el6nseiu/image/upload/v1785961163/Infinix-Note-60-Pro-c_wmkvip.webp"", ""https://res.cloudinary.com/el6nseiu/image/upload/v1785961163/Infinix-Note-60-Pro-d_fauuof.webp""]","[""Infinix-Note-60-Pro_ndr6kt"", ""Infinix-Note-60-Pro-5G_v27ui2"", ""Infinix-Note-60-Pro-b_irrfij"", ""Infinix-Note-60-Pro-c_wmkvip"", ""Infinix-Note-60-Pro-d_fauuof""]","The Infinix Note 60 Pro is a premium mid-ranger with a 6.78-inch 144Hz AMOLED display (up to 4,500 nits), an aluminum unibody, and JBL-tuned stereo speakers. It's powered by the Snapdragon 7s Gen 4 chipset with up to 12GB RAM, a 50MP OIS main camera, and a 6,500mAh battery supporting 90W wired and 30W wireless charging.","{""display"": ""6.78\"" AMOLED (3D-curved)"", ""display_resolution"": ""1208 x 2644 px (1.5K), 144Hz"", ""processor"": ""Qualcomm Snapdragon 7s Gen 4 (4nm), Octa-core"", ""operating_system"": ""Android 16 (XOS 16)"", ""rear_camera"": ""50MP (f/1.6, OIS) + 8MP ultrawide"", ""front_camera"": ""13MP"", ""battery"": ""6500mAh, 90W wired + 30W wireless charging"", ""network"": ""4G/5G"", ""colors"": ""Mist Titanium, Solar Orange, Deep Ocean Blue, Mocha Brown, Frost Silver, Torino Black""}"
INFINIX SMART 10,infinix-smart-10-3gb-64gb,Infinix,Phone,Smartphone,3GB,64GB,10300.0,1100.0,455.0,0,True,"[""https://res.cloudinary.com/el6nseiu/image/upload/v1785759633/Infinix-Smart-10-Plus_vsqvp8.webp"", ""https://res.cloudinary.com/el6nseiu/image/upload/v1785961163/Infinix-Smart-10-c_m9cbwp.jpg"", ""https://res.cloudinary.com/el6nseiu/image/upload/v1785961163/Infinix-Smart-10-b_c1qulg.jpg""]","[""Infinix-Smart-10-Plus_vsqvp8"", ""Infinix-Smart-10-c_m9cbwp"", ""Infinix-Smart-10-b_c1qulg""]","The Infinix Smart 10 is an entry-level smartphone offering a 6.67-inch 120Hz IPS LCD display, the Unisoc T7250 chipset, and up to 6GB of RAM (with virtual RAM expansion) for basic day-to-day use. It comes with a 5000mAh battery, an 8MP AI rear camera, stereo speakers, and IP64 splash resistance, all in a lightweight, budget-friendly package.","{""display"": ""6.67\"" IPS LCD"", ""display_resolution"": ""720 x 1600 px (HD+), 120Hz"", ""processor"": ""Unisoc T7250 (12nm), Octa-core (2x1.8GHz Cortex-A75 + 6x1.6GHz Cortex-A55)"", ""operating_system"": ""Android 15 (XOS 15.1)"", ""rear_camera"": ""8MP + auxiliary lens"", ""front_camera"": ""8MP"", ""battery"": ""5000mAh, 15W wired charging"", ""network"": ""4G"", ""colors"": ""Sleek Black, Titanium Silver, Iris Blue, Twilight Gold""}"
INFINIX SMART 10,infinix-smart-10-4gb-64gb,Infinix,Phone,Smartphone,4GB,64GB,11300.0,1200.0,490.0,0,True,"[""https://res.cloudinary.com/el6nseiu/image/upload/v1785759633/Infinix-Smart-10-Plus_vsqvp8.webp"", ""https://res.cloudinary.com/el6nseiu/image/upload/v1785961163/Infinix-Smart-10-c_m9cbwp.jpg"", ""https://res.cloudinary.com/el6nseiu/image/upload/v1785961163/Infinix-Smart-10-b_c1qulg.jpg""]","[""Infinix-Smart-10-Plus_vsqvp8"", ""Infinix-Smart-10-c_m9cbwp"", ""Infinix-Smart-10-b_c1qulg""]","The Infinix Smart 10 is an entry-level smartphone offering a 6.67-inch 120Hz IPS LCD display, the Unisoc T7250 chipset, and up to 6GB of RAM (with virtual RAM expansion) for basic day-to-day use. It comes with a 5000mAh battery, an 8MP AI rear camera, stereo speakers, and IP64 splash resistance, all in a lightweight, budget-friendly package.","{""display"": ""6.67\"" IPS LCD"", ""display_resolution"": ""720 x 1600 px (HD+), 120Hz"", ""processor"": ""Unisoc T7250 (12nm), Octa-core (2x1.8GHz Cortex-A75 + 6x1.6GHz Cortex-A55)"", ""operating_system"": ""Android 15 (XOS 15.1)"", ""rear_camera"": ""8MP + auxiliary lens"", ""front_camera"": ""8MP"", ""battery"": ""5000mAh, 15W wired charging"", ""network"": ""4G"", ""colors"": ""Sleek Black, Titanium Silver, Iris Blue, Twilight Gold""}"
INFINIX HOT 60 PRO PLUS,infinix-hot-60-pro-plus-8gb-128gb,Infinix,Phone,Smartphone,8GB,128GB,24000.0,2400.0,945.0,0,True,"[""https://res.cloudinary.com/el6nseiu/image/upload/v1785759635/Infinix-Hot-60-Pro-Plus_q8l7ul.webp"", ""https://res.cloudinary.com/el6nseiu/image/upload/v1785961170/Infinix-Hot-60-Pro-Plus-c-1_tsitn4.webp"", ""https://res.cloudinary.com/el6nseiu/image/upload/v1785961170/Infinix-Hot-60-Pro-Plus-a_pgui15.webp"", ""https://res.cloudinary.com/el6nseiu/image/upload/v1785961169/Infinix-Hot-60-Pro-Plus_evqpte.webp"", ""https://res.cloudinary.com/el6nseiu/image/upload/v1785961163/Infinix-Hot-60-Pro-Plus-d_m8dw1b.webp"", ""https://res.cloudinary.com/el6nseiu/image/upload/v1785961163/Infinix-Hot-60-Pro-Plus_1_zpxavq.webp"", ""https://res.cloudinary.com/el6nseiu/image/upload/v1785961162/Infinix-Hot-60-Pro-Plus-a_1_qgkckl.webp""]","[""Infinix-Hot-60-Pro-Plus_q8l7ul"", ""Infinix-Hot-60-Pro-Plus-c-1_tsitn4"", ""Infinix-Hot-60-Pro-Plus-a_pgui15"", ""Infinix-Hot-60-Pro-Plus_evqpte"", ""Infinix-Hot-60-Pro-Plus-d_m8dw1b"", ""Infinix-Hot-60-Pro-Plus_1_zpxavq"", ""Infinix-Hot-60-Pro-Plus-a_1_qgkckl""]","Marketed as one of the world's slimmest curved-display phones, the Infinix Hot 60 Pro+ measures around 6-6.8mm thick and weighs roughly 155-162g. It features a 1.5K 144Hz AMOLED curved display, the MediaTek Helio G200 chipset, a 50MP Sony IMX882 camera, and a 5,160mAh battery, all housed in a durable IP65-rated fibreglass-and-glass build.","{""display"": ""6.78\"" AMOLED (3D-curved)"", ""display_resolution"": ""1224 x 2720 px (1.5K), 144Hz"", ""processor"": ""MediaTek Helio G200 (6nm), Octa-core"", ""operating_system"": ""Android 15 (XOS 15.1)"", ""rear_camera"": ""50MP Sony IMX882 (f/1.6) + auxiliary lenses"", ""front_camera"": ""13MP"", ""battery"": ""5160mAh, 45W wired charging"", ""network"": ""4G"", ""colors"": ""Sleek Black, Titanium Silver, Coral Tides, Misty Violet, Sonic Yellow, Moco Cyber Green""}"
INFINIX HOT 60 PRO,infinix-hot-60-pro-8gb-128gb,Infinix,Phone,Smartphone,8GB,128GB,19350.0,2000.0,770.0,0,True,"[""https://res.cloudinary.com/el6nseiu/image/upload/v1785434635/Infinix-Note-60-Pro_ndr6kt.webp"", ""https://res.cloudinary.com/el6nseiu/image/upload/v1785961164/Infinix-Note-60-Pro-5G_v27ui2.webp""]","[""Infinix-Note-60-Pro_ndr6kt"", ""Infinix-Note-60-Pro-5G_v27ui2""]","The Infinix Hot 60 Pro (non-Plus) shares the Hot 60 Pro+ platform with a slimmed-down spec sheet, featuring a large IPS/AMOLED display with up to 120Hz refresh, an octa-core chipset with up to 8GB RAM, and up to 256GB storage. It offers a 50MP main camera, IP-rated splash resistance, and a sizeable battery aimed at budget-conscious buyers who still want a fast-refresh display.","{""display"": ""6.78\"" AMOLED (3D-curved)"", ""display_resolution"": ""1224 x 2720 px (1.5K), 144Hz"", ""processor"": ""MediaTek Helio G200 (6nm), Octa-core"", ""operating_system"": ""Android 15 (XOS 15.1)"", ""rear_camera"": ""50MP (f/1.6) + auxiliary lens"", ""front_camera"": ""13MP"", ""battery"": ""5160mAh, 45W wired charging"", ""network"": ""4G"", ""colors"": ""Sleek Black, Titanium Silver, Coral Tides, Misty Violet, Sonic Yellow, Cyber Green""}"
INFINIX XPAD 30E,infinix-xpad-30e-4gb-128gb,Infinix,Tablet,Tablet,4GB,128GB,19100.0,1900.0,770.0,0,True,[],[],"The Infinix XPad 30E is a budget 11-inch education-focused tablet with an IPS LCD FHD+ display, TÜV Low Blue Light certification, and the MediaTek Helio G80 chipset paired with 4GB RAM. It offers 4G LTE connectivity, a 7,000mAh battery with 18W charging, and built-in AI Tutor features with access to over 120,000 curated learning resources.","{""display"": ""11\"" IPS LCD Tablet"", ""display_resolution"": ""1200 x 1920 px (FHD+), 60Hz"", ""processor"": ""MediaTek Helio G80, Octa-core"", ""operating_system"": ""Android 15 (XOS 15)"", ""rear_camera"": ""8MP"", ""front_camera"": ""5MP"", ""battery"": ""7000mAh, 18W wired charging"", ""network"": ""4G"", ""colors"": ""Dreamy Purple, Forest Green, Deep Blue""}"
INFINIX HOT 60i,infinix-hot-60i-8gb-256gb,Infinix,Phone,Smartphone,8GB,256GB,18300.0,1800.0,700.0,0,True,"[""https://res.cloudinary.com/el6nseiu/image/upload/v1785434636/Infinix-Hot-60i_pezqrr.webp"", ""https://res.cloudinary.com/el6nseiu/image/upload/v1785961162/Infinix-Hot-60i-256GB_4GB-_dkvqzl.jpg""]","[""Infinix-Hot-60i_pezqrr"", ""Infinix-Hot-60i-256GB_4GB-_dkvqzl""]","The Infinix Hot 60i is a budget smartphone with a 6.7-inch 120Hz IPS LCD display, the MediaTek Helio G81 Ultimate chipset, and a 5,160mAh battery with 45W fast charging. It features a 50MP main camera, an 8MP selfie camera, and practical extras like NFC, an IR blaster, and stereo speakers that are rare at this price point.","{""display"": ""6.7\"" IPS LCD"", ""display_resolution"": ""720 x 1600 px (HD+), 120Hz"", ""processor"": ""MediaTek Helio G81 Ultimate (12nm), Octa-core"", ""operating_system"": ""Android 15 (XOS 15.1)"", ""rear_camera"": ""50MP"", ""front_camera"": ""8MP"", ""battery"": ""5160mAh, 45W wired charging"", ""network"": ""4G"", ""colors"": ""Sleek Black, Titanium Silver, Neon Red, Shadow Blue, Meadow Green, Soul Eye Purple""}"
INFINIX HOT 70,infinix-hot-70-4gb-128gb,Infinix,Phone,Smartphone,4GB,128GB,18400.0,1900.0,700.0,0,True,"[""https://res.cloudinary.com/el6nseiu/image/upload/v1785434636/Infinix-Hot-70_akwdj0.webp""]","[""Infinix-Hot-70_akwdj0""]","The Infinix Hot 70 pairs a large 6.78-inch 120Hz IPS LCD display with the MediaTek Helio G100 Ultimate chipset, up to 8GB of RAM, and up to 256GB of expandable storage. Its standout feature is a 6,000mAh battery with 45W fast charging that comfortably lasts up to two days on moderate use, backed by IP65 water and dust resistance.","{""display"": ""6.78\"" IPS LCD"", ""display_resolution"": ""720 x 1576 px (HD+), 120Hz"", ""processor"": ""MediaTek Helio G100 Ultimate, Octa-core"", ""operating_system"": ""Android 16 (XOS 16)"", ""rear_camera"": ""50MP (f/1.85) main + auxiliary lens"", ""front_camera"": ""8MP"", ""battery"": ""6000mAh, 45W wired + 10W reverse wired charging"", ""network"": ""4G"", ""colors"": ""Thermo Orange, Quiet Violet, Green Texture, Night Pulse, Silver Dancer, Dive Blue""}"
INFINIX HOT 60i,infinix-hot-60i-6gb-128gb,Infinix,Phone,Smartphone,6GB,128GB,16500.0,1600.0,630.0,0,True,"[""https://res.cloudinary.com/el6nseiu/image/upload/v1785434636/Infinix-Hot-60i_pezqrr.webp"", ""https://res.cloudinary.com/el6nseiu/image/upload/v1785961162/Infinix-Hot-60i-256GB_4GB-_dkvqzl.jpg""]","[""Infinix-Hot-60i_pezqrr"", ""Infinix-Hot-60i-256GB_4GB-_dkvqzl""]","The Infinix Hot 60i is a budget smartphone with a 6.7-inch 120Hz IPS LCD display, the MediaTek Helio G81 Ultimate chipset, and a 5,160mAh battery with 45W fast charging. It features a 50MP main camera, an 8MP selfie camera, and practical extras like NFC, an IR blaster, and stereo speakers that are rare at this price point.","{""display"": ""6.7\"" IPS LCD"", ""display_resolution"": ""720 x 1600 px (HD+), 120Hz"", ""processor"": ""MediaTek Helio G81 Ultimate (12nm), Octa-core"", ""operating_system"": ""Android 15 (XOS 15.1)"", ""rear_camera"": ""50MP"", ""front_camera"": ""8MP"", ""battery"": ""5160mAh, 45W wired charging"", ""network"": ""4G"", ""colors"": ""Sleek Black, Titanium Silver, Neon Red, Shadow Blue, Meadow Green, Soul Eye Purple""}"
INFINIX SMART 20,infinix-smart-20-4gb-128gb,Infinix,Phone,Smartphone,4GB,128GB,15350.0,1500.0,595.0,0,True,"[""https://res.cloudinary.com/el6nseiu/image/upload/v1785434634/Infinix-Smart-20_zxtr60.webp"", ""https://res.cloudinary.com/el6nseiu/image/upload/v1785961161/Infinix-Smart-20-c_tcpdgp.webp"", ""https://res.cloudinary.com/el6nseiu/image/upload/v1785961161/Infinix-Smart-20-b_f65ghv.webp"", ""https://res.cloudinary.com/el6nseiu/image/upload/v1785961161/Infinix-Smart-20_plzwi4.webp""]","[""Infinix-Smart-20_zxtr60"", ""Infinix-Smart-20-c_tcpdgp"", ""Infinix-Smart-20-b_f65ghv"", ""Infinix-Smart-20_plzwi4""]","The Infinix Smart 20 is a slim, budget-friendly smartphone with a 6.78-inch 120Hz IPS LCD display reaching up to 700 nits of brightness and an IP64 rating for dust and splash protection. Powered by the MediaTek Helio G81 Ultimate chipset with 4GB RAM, it features an 8MP main camera, an 8MP selfie camera, and a 5200mAh battery, running Android 16 with XOS 16.","{""display"": ""6.78\"" IPS LCD"", ""display_resolution"": ""720 x 1576 px (HD+), 120Hz"", ""processor"": ""MediaTek Helio G81 Ultimate (12nm), Octa-core"", ""operating_system"": ""Android 16 (XOS 16)"", ""rear_camera"": ""8MP + auxiliary lens"", ""front_camera"": ""8MP"", ""battery"": ""5200mAh, 15W wired + 5W reverse wired charging"", ""network"": ""4G"", ""colors"": ""Shadow Black, Cloudline Blue, Polaris Titanium, Sunlike Orange""}"
INFINIX HOT 60i,infinix-hot-60i-4gb-128gb,Infinix,Phone,Smartphone,4GB,128GB,14400.0,1400.0,560.0,0,True,"[""https://res.cloudinary.com/el6nseiu/image/upload/v1785434636/Infinix-Hot-60i_pezqrr.webp"", ""https://res.cloudinary.com/el6nseiu/image/upload/v1785961162/Infinix-Hot-60i-256GB_4GB-_dkvqzl.jpg""]","[""Infinix-Hot-60i_pezqrr"", ""Infinix-Hot-60i-256GB_4GB-_dkvqzl""]","The Infinix Hot 60i is a budget smartphone with a 6.7-inch 120Hz IPS LCD display, the MediaTek Helio G81 Ultimate chipset, and a 5,160mAh battery with 45W fast charging. It features a 50MP main camera, an 8MP selfie camera, and practical extras like NFC, an IR blaster, and stereo speakers that are rare at this price point.","{""display"": ""6.7\"" IPS LCD"", ""display_resolution"": ""720 x 1600 px (HD+), 120Hz"", ""processor"": ""MediaTek Helio G81 Ultimate (12nm), Octa-core"", ""operating_system"": ""Android 15 (XOS 15.1)"", ""rear_camera"": ""50MP"", ""front_camera"": ""8MP"", ""battery"": ""5160mAh, 45W wired charging"", ""network"": ""4G"", ""colors"": ""Sleek Black, Titanium Silver, Neon Red, Shadow Blue, Meadow Green, Soul Eye Purple""}"
INFINIX SMART 20,infinix-smart-20-4gb-64gb,Infinix,Phone,Smartphone,4GB,64GB,13600.0,1400.0,560.0,0,True,"[""https://res.cloudinary.com/el6nseiu/image/upload/v1785434634/Infinix-Smart-20_zxtr60.webp"", ""https://res.cloudinary.com/el6nseiu/image/upload/v1785961161/Infinix-Smart-20-b_f65ghv.webp"", ""https://res.cloudinary.com/el6nseiu/image/upload/v1785961161/Infinix-Smart-20_plzwi4.webp""]","[""Infinix-Smart-20_zxtr60"", ""Infinix-Smart-20-b_f65ghv"", ""Infinix-Smart-20_plzwi4""]","The Infinix Smart 20 is a slim, budget-friendly smartphone with a 6.78-inch 120Hz IPS LCD display reaching up to 700 nits of brightness and an IP64 rating for dust and splash protection. Powered by the MediaTek Helio G81 Ultimate chipset with 4GB RAM, it features an 8MP main camera, an 8MP selfie camera, and a 5200mAh battery, running Android 16 with XOS 16.","{""display"": ""6.78\"" IPS LCD"", ""display_resolution"": ""720 x 1576 px (HD+), 120Hz"", ""processor"": ""MediaTek Helio G81 Ultimate (12nm), Octa-core"", ""operating_system"": ""Android 16 (XOS 16)"", ""rear_camera"": ""8MP + auxiliary lens"", ""front_camera"": ""8MP"", ""battery"": ""5200mAh, 15W wired + 5W reverse wired charging"", ""network"": ""4G"", ""colors"": ""Shadow Black, Cloudline Blue, Polaris Titanium, Sunlike Orange""}"
INFINIX SMART 10,infinix-smart-10-4gb-128gb,Infinix,Phone,Smartphone,4GB,128GB,12850.0,1300.0,525.0,0,True,"[""https://res.cloudinary.com/el6nseiu/image/upload/v1785759634/Infinix-Smart-10_jghdk1.webp"", ""https://res.cloudinary.com/el6nseiu/image/upload/v1785961163/Infinix-Smart-10-c_m9cbwp.jpg"", ""https://res.cloudinary.com/el6nseiu/image/upload/v1785961163/Infinix-Smart-10-b_c1qulg.jpg""]","[""Infinix-Smart-10_jghdk1"", ""Infinix-Smart-10-c_m9cbwp"", ""Infinix-Smart-10-b_c1qulg""]","The Infinix Smart 10 is an entry-level smartphone offering a 6.67-inch 120Hz IPS LCD display, the Unisoc T7250 chipset, and up to 6GB of RAM (with virtual RAM expansion) for basic day-to-day use. It comes with a 5000mAh battery, an 8MP AI rear camera, stereo speakers, and IP64 splash resistance, all in a lightweight, budget-friendly package.","{""display"": ""6.67\"" IPS LCD"", ""display_resolution"": ""720 x 1600 px (HD+), 120Hz"", ""processor"": ""Unisoc T7250 (12nm), Octa-core (2x1.8GHz Cortex-A75 + 6x1.6GHz Cortex-A55)"", ""operating_system"": ""Android 15 (XOS 15.1)"", ""rear_camera"": ""8MP + auxiliary lens"", ""front_camera"": ""8MP"", ""battery"": ""5000mAh, 15W wired charging"", ""network"": ""4G"", ""colors"": ""Sleek Black, Titanium Silver, Iris Blue, Twilight Gold""}"
ITEL S25,itel-s25-6gb-128gb,Itel,Phone,Smartphone,6GB,128GB,15500.0,3100.0,560.0,0,True,[],[],"The itel S25 is a stylish budget smartphone with a 6.78-inch 120Hz AMOLED display protected by Gorilla Glass, powered by the Unisoc T620 chipset with 6-8GB of RAM. It features a 50MP main camera, a 32MP selfie camera, a 5000mAh battery with 18W charging, and an under-display fingerprint sensor with IP54 splash resistance.","{""display"": ""6.78\"" AMOLED"", ""display_resolution"": ""1080 x 2436 px (FHD+), 120Hz"", ""processor"": ""Unisoc T620 (12nm), Octa-core (2x2.2GHz Cortex-A75 + 6x1.8GHz Cortex-A55)"", ""operating_system"": ""Android 14 (itel OS 14.5)"", ""rear_camera"": ""50MP (f/1.6) + auxiliary lens"", ""front_camera"": ""32MP"", ""battery"": ""5000mAh, 18W wired charging"", ""network"": ""4G"", ""colors"": ""Bromo Black, Mambo Mint, Sahara Gleam""}"
ITEL S25 ULTRA,itel-s25-ultra-8gb-256gb,Itel,Phone,Smartphone,8GB,256GB,24000.0,4800.0,805.0,0,True,[],[],"The itel S25 Ultra stands out with an ultra-slim ~6.9mm profile, a 6.78-inch curved 120Hz AMOLED display, and generous memory options up to 512GB storage paired with 8GB of RAM. It's powered by the Unisoc T620 chipset, features a 50MP+2MP rear camera with a 32MP selfie shooter, a 5000mAh battery with 18W charging, and an RGB notification ring on the back.","{""display"": ""6.78\"" AMOLED (3D-curved)"", ""display_resolution"": ""1080 x 2436 px (FHD+), 120Hz"", ""processor"": ""Unisoc T620 (12nm), Octa-core (2x2.2GHz Cortex-A75 + 6x1.8GHz Cortex-A55)"", ""operating_system"": ""Android 14 (itel OS 14.5)"", ""rear_camera"": ""50MP (f/1.6) + 2MP + auxiliary lens"", ""front_camera"": ""32MP"", ""battery"": ""5000mAh, 18W wired charging"", ""network"": ""4G"", ""colors"": ""Bromo Black, Meteor Titanium, Komodo Ocean""}"
ITEL CITY100,itel-city100-6gb-128gb,Itel,Phone,Smartphone,6GB,128GB,12400.0,2500.0,455.0,0,True,[],[],"The itel City 100 is an affordable smartphone with a 6.75-inch display, the Unisoc T7250 chipset, and a large 5,200mAh battery that itel says outlasts several rivals in real-world use. It offers a solid camera setup for daylight and selfie shots along with feature-rich software, though it runs Android 14 without 5G support.","{""display"": ""6.75\"" IPS LCD"", ""display_resolution"": ""720 x 1600 px (HD+), 90Hz"", ""processor"": ""Unisoc T7250 (12nm), Octa-core (2x1.8GHz Cortex-A75 + 6x1.6GHz Cortex-A55)"", ""operating_system"": ""Android 14 (Pure 14.5 OS)"", ""rear_camera"": ""13MP"", ""front_camera"": ""8MP"", ""battery"": ""5200mAh, 18W wired + reverse wired charging"", ""network"": ""4G"", ""colors"": ""Navy Blue, Pure Titanium, Fairy Purple""}"
ITEL CITY100,itel-city100-4gb-256gb,Itel,Phone,Smartphone,4GB,256GB,12900.0,2600.0,455.0,0,True,[],[],"The itel City 100 is an affordable smartphone with a 6.75-inch display, the Unisoc T7250 chipset, and a large 5,200mAh battery that itel says outlasts several rivals in real-world use. It offers a solid camera setup for daylight and selfie shots along with feature-rich software, though it runs Android 14 without 5G support.","{""display"": ""6.75\"" IPS LCD"", ""display_resolution"": ""720 x 1600 px (HD+), 90Hz"", ""processor"": ""Unisoc T7250 (12nm), Octa-core (2x1.8GHz Cortex-A75 + 6x1.6GHz Cortex-A55)"", ""operating_system"": ""Android 14 (Pure 14.5 OS)"", ""rear_camera"": ""13MP"", ""front_camera"": ""8MP"", ""battery"": ""5200mAh, 18W wired + reverse wired charging"", ""network"": ""4G"", ""colors"": ""Navy Blue, Pure Titanium, Fairy Purple""}"
ITEL CITY 200,itel-city-200-3gb-128gb,Itel,Phone,Smartphone,3GB,128GB,13700.0,2800.0,490.0,0,True,[],[],"The itel City 200 builds on the City 100 with a slightly larger 6.78-inch display, the same Unisoc T7250 chipset, and a 5,200mAh battery for long-lasting use. Users report strong battery life (reportedly lasting up to two days) and solid daily performance, though Wi-Fi/Bluetooth signal strength and camera quality remain average for the price.","{""display"": ""6.78\"" IPS LCD"", ""display_resolution"": ""720 x 1576 px (HD+), 120Hz"", ""processor"": ""Unisoc T7250 (12nm), Octa-core (2x1.8GHz Cortex-A75 + 6x1.6GHz Cortex-A55)"", ""operating_system"": ""Android 15"", ""rear_camera"": ""50MP"", ""front_camera"": ""8MP"", ""battery"": ""5200mAh, 18W wired + reverse wired charging"", ""network"": ""4G"", ""colors"": ""Bass Black, Echo Silver, Vibe Purple, Melody Pink""}"
ITEL CITY 200,itel-city-200-4gb-128gb,Itel,Phone,Smartphone,4GB,128GB,16400.0,1500.0,595.0,0,True,[],[],"The itel City 200 builds on the City 100 with a slightly larger 6.78-inch display, the same Unisoc T7250 chipset, and a 5,200mAh battery for long-lasting use. Users report strong battery life (reportedly lasting up to two days) and solid daily performance, though Wi-Fi/Bluetooth signal strength and camera quality remain average for the price.","{""display"": ""6.78\"" IPS LCD"", ""display_resolution"": ""720 x 1576 px (HD+), 120Hz"", ""processor"": ""Unisoc T7250 (12nm), Octa-core (2x1.8GHz Cortex-A75 + 6x1.6GHz Cortex-A55)"", ""operating_system"": ""Android 15"", ""rear_camera"": ""50MP"", ""front_camera"": ""8MP"", ""battery"": ""5200mAh, 18W wired + reverse wired charging"", ""network"": ""4G"", ""colors"": ""Bass Black, Echo Silver, Vibe Purple, Melody Pink""}"
LENIX PRO,lenix-pro-4gb-128gb,Lenix,Phone,Smartphone,4GB,128GB,19992.0,4000.0,700.0,0,True,[],[],"The Lenix Pro is an affordable, entry-level smartphone offering a large immersive display for entertainment, smooth everyday performance, dual SIM support, and stable 4G connectivity in a stylish, modern design. It's built for essential daily use, such as browsing, chatting, and casual photography, with expandable storage for added flexibility.",{}
LENIX STANDARD,lenix-standard-4gb-128gb,Lenix,Phone,Smartphone,4GB,128GB,18199.0,3700.0,630.0,0,True,[],[],"The Lenix Standard is a budget-focused smartphone designed for reliable everyday connectivity, offering 4G support, dual SIM functionality, and expandable storage in a straightforward, no-frills package. It targets cost-conscious buyers who need a dependable device for calls, messaging, and basic browsing.",{}
Oppo A5 pro,oppo-a5-pro-8gb-256gb-33000,Oppo,Phone,Smartphone,8GB,256GB,33000.0,6600.0,1085.0,0,True,"[""https://res.cloudinary.com/el6nseiu/image/upload/v1786015889/Oppo_A5_pro_kltgzt.jpg"", ""https://res.cloudinary.com/el6nseiu/image/upload/v1786015888/Oppo_A5_pro_b_xgniyj.jpg"", ""https://res.cloudinary.com/el6nseiu/image/upload/v1786015888/oppo-a5-pro-brown-p8_s6r9xf.jpg""]","[""Oppo_A5_pro_kltgzt"", ""Oppo_A5_pro_b_xgniyj"", ""oppo-a5-pro-brown-p8_s6r9xf""]","The Oppo A5 Pro is a rugged mid-ranger with a 6.67-inch 120Hz IPS LCD display, IP69 water and dust resistance, and MIL-STD-810H shock protection, powered by the MediaTek Dimensity 6300 chipset with up to 8GB RAM. It's built around a large battery (up to 5,800mAh) with 45W SUPERVOOC charging and a 50MP main camera, prioritizing durability and battery life over premium display or camera specs.","{""display"": ""6.67\"" LCD"", ""display_resolution"": ""720 x 1604 px (HD+), 90Hz"", ""processor"": ""Qualcomm Snapdragon 6s 4G Gen 1, Octa-core"", ""operating_system"": ""Android 15 (ColorOS 15)"", ""rear_camera"": ""50MP (f/1.8) + 2MP monochrome"", ""front_camera"": ""8MP"", ""battery"": ""5800mAh (typical), 45W SUPERVOOC wired charging"", ""network"": ""4G"", ""colors"": ""Mocha Brown, Olive Green""}"
OPPO A5,oppo-a5-8gb-256gb,Oppo,Phone,Smartphone,8GB,256GB,28000.0,5600.0,945.0,0,True,"[""https://res.cloudinary.com/el6nseiu/image/upload/v1785761684/Oppo-A5_ugwoco.jpg"", ""https://res.cloudinary.com/el6nseiu/image/upload/v1786015891/Oppo-A5-4G-b_frv8xk.webp""]","[""Oppo-A5_ugwoco"", ""Oppo-A5-4G-b_frv8xk""]","The Oppo A5 (2025) is a durable budget smartphone with IP65 water and dust resistance and Gorilla Glass 7i protection on its 6.67-inch 90-120Hz IPS LCD display. It runs on either a Snapdragon 6s Gen 1 or MediaTek Dimensity 6300 chipset with up to 8GB RAM, a 50MP+2MP rear camera, and a substantial 6000mAh battery with 45W SUPERVOOC fast charging.","{""display"": ""6.67\"" LCD"", ""display_resolution"": ""720 x 1604 px (HD+), 120Hz"", ""processor"": ""MediaTek Dimensity 6300, Octa-core"", ""operating_system"": ""Android 15 (ColorOS 15)"", ""rear_camera"": ""50MP (f/1.8) + 2MP monochrome"", ""front_camera"": ""8MP"", ""battery"": ""6000mAh (typical), 45W SUPERVOOC wired charging"", ""network"": ""5G"", ""colors"": ""Mist White, Aurora Green""}"
Oppo Reno 14F,oppo-reno-14f-12gb-512gb,Oppo,Phone,Smartphone,12GB,512GB,62000.0,12400.0,1995.0,0,True,"[""https://res.cloudinary.com/el6nseiu/image/upload/v1785761679/Oppo-Reno14-F_bxznde.webp"", ""https://res.cloudinary.com/el6nseiu/image/upload/v1786015887/Oppo-Reno14-F-5G-1_gnr8jq.webp""]","[""Oppo-Reno14-F_bxznde"", ""Oppo-Reno14-F-5G-1_gnr8jq""]","The Oppo Reno 14F is a stylish mid-ranger with a 6.57-inch AMOLED 120Hz display, a Qualcomm Snapdragon 6 Gen 1 chipset, and up to 12GB of RAM. It packs a 50MP OIS main camera alongside 8MP ultrawide and 2MP macro lenses, a bright 32MP selfie camera, and a large 6000mAh battery with 45W SUPERVOOC fast charging.","{""display"": ""6.57\"" AMOLED"", ""display_resolution"": ""1080 x 2372 px (FHD+), 120Hz"", ""processor"": ""Qualcomm Snapdragon 6 Gen 1, Octa-core"", ""operating_system"": ""Android 15 (ColorOS 15)"", ""rear_camera"": ""50MP Sony IMX882 (OIS) + 8MP ultrawide + 2MP macro"", ""front_camera"": ""32MP"", ""battery"": ""6000mAh, 45W SUPERVOOC wired charging"", ""network"": ""5G"", ""colors"": ""Vivid Blue, Tranquil Green, Glossy Pink""}"
OPPO A3,oppo-a3-8gb-256gb,Oppo,Phone,Smartphone,8GB,256GB,31715.0,6400.0,1050.0,0,True,"[""https://res.cloudinary.com/el6nseiu/image/upload/v1786015886/Oppo_A3_g_ktjb7a.webp"", ""https://res.cloudinary.com/el6nseiu/image/upload/v1786015885/Oppo_A3_b_z75v8n.jpg"", ""https://res.cloudinary.com/el6nseiu/image/upload/v1786015884/OPPO-A3-6GB128GB_xgwvep.jpg""]","[""Oppo_A3_g_ktjb7a"", ""Oppo_A3_b_z75v8n"", ""OPPO-A3-6GB128GB_xgwvep""]","The Oppo A3 is an affordable everyday smartphone with a 6.67-inch 90Hz LCD display and a Qualcomm Snapdragon 6s 4G Gen 1 chipset paired with up to 8GB of RAM. It has a 50MP main rear camera, a 5100mAh battery, and 45W SUPERVOOC charging for quick top-ups.","{""display"": ""6.67\"" LCD"", ""display_resolution"": ""720 x 1604 px (HD+), 90Hz"", ""processor"": ""Qualcomm Snapdragon 6s 4G Gen 1, Octa-core"", ""operating_system"": ""Android 14 (ColorOS 14)"", ""rear_camera"": ""50MP (f/1.8)"", ""front_camera"": ""5MP"", ""battery"": ""5100mAh (typical), 45W SUPERVOOC wired charging"", ""network"": ""4G"", ""colors"": ""Sparkle Black, Starry Purple, Starlight White""}"
Oppo RENO 15F,oppo-reno-15f-12gb-512gb,Oppo,Phone,Smartphone,12GB,512GB,61000.0,12200.0,1960.0,0,True,"[""https://res.cloudinary.com/el6nseiu/image/upload/v1785761674/Oppo-Reno15-F_gxq8wy.webp"", ""https://res.cloudinary.com/el6nseiu/image/upload/v1786015883/Oppo_reno_15f_c_kvkhfz.jpg"", ""https://res.cloudinary.com/el6nseiu/image/upload/v1786015883/Oppo-Reno15-F-5G-1_tf82v2.webp"", ""https://res.cloudinary.com/el6nseiu/image/upload/v1786015880/Oppo-Reno15-F-5G-p_a4yoho.webp""]","[""Oppo-Reno15-F_gxq8wy"", ""Oppo_reno_15f_c_kvkhfz"", ""Oppo-Reno15-F-5G-1_tf82v2"", ""Oppo-Reno15-F-5G-p_a4yoho""]","The Oppo Reno 15F combines a 6.57-inch AMOLED 120Hz display with a Snapdragon 6 Gen 1 chipset and up to 12GB of RAM for smooth everyday performance. It features an OIS-stabilized 50MP main camera, a standout 50MP selfie camera, and a massive 7000mAh battery with 80W SUPERVOOC fast charging.","{""display"": ""6.57\"" AMOLED"", ""display_resolution"": ""1080 x 2372 px (FHD+), 120Hz"", ""processor"": ""Qualcomm Snapdragon 6 Gen 1, Octa-core"", ""operating_system"": ""Android 16 (ColorOS 16)"", ""rear_camera"": ""50MP (OIS) + 8MP ultrawide + 2MP macro"", ""front_camera"": ""50MP"", ""battery"": ""7000mAh, 80W SUPERVOOC wired charging"", ""network"": ""5G"", ""colors"": ""Afterglow Pink, Aurora Blue, Twilight Blue""}"
Oppo RENO 15,oppo-reno-15-12gb-512gb,Oppo,Phone,Smartphone,12GB,512GB,76000.0,15200.0,2415.0,0,True,[],[],"The Oppo Reno 15 is a premium mid-ranger with a 6.59-inch 1.5K AMOLED 120Hz display and a Snapdragon 7 Gen 4 chipset with up to 12GB of RAM. Its triple rear camera includes a 50MP OIS main lens and a 50MP 3.5x optical telephoto lens, complemented by a 50MP ultrawide selfie camera and a 6500mAh battery with 80W SUPERVOOC charging.","{""display"": ""6.59\"" AMOLED (1.5K)"", ""display_resolution"": ""1220 x 2760 px, 120Hz"", ""processor"": ""Qualcomm Snapdragon 7 Gen 4, Octa-core"", ""operating_system"": ""Android 16 (ColorOS 16)"", ""rear_camera"": ""50MP (OIS) main + 50MP telephoto (3.5x optical) + 8MP ultrawide"", ""front_camera"": ""50MP ultrawide"", ""battery"": ""6500mAh, 80W SUPERVOOC wired charging"", ""network"": ""5G"", ""colors"": ""Aurora Blue, Twilight Blue, Aurora White""}"
OPPO A5 PRO,oppo-a5-pro-8gb-256gb-34923,Oppo,Phone,Smartphone,8GB,256GB,34923.0,6600.0,1085.0,0,True,"[""https://res.cloudinary.com/el6nseiu/image/upload/v1786015889/Oppo_A5_pro_kltgzt.jpg"", ""https://res.cloudinary.com/el6nseiu/image/upload/v1786015888/Oppo_A5_pro_b_xgniyj.jpg"", ""https://res.cloudinary.com/el6nseiu/image/upload/v1786015888/oppo-a5-pro-brown-p8_s6r9xf.jpg""]","[""Oppo_A5_pro_kltgzt"", ""Oppo_A5_pro_b_xgniyj"", ""oppo-a5-pro-brown-p8_s6r9xf""]","The Oppo A5 Pro is a rugged mid-ranger with a 6.67-inch 90Hz LCD display, IP69 water and dust resistance, and a MediaTek Dimensity 6300 chipset with up to 8GB RAM. It's built around a large 5800mAh battery with 45W SUPERVOOC charging and a 50MP main camera, prioritizing durability and battery life over premium display or camera specs.","{""display"": ""6.67\"" LCD"", ""display_resolution"": ""720 x 1604 px (HD+), 90Hz"", ""processor"": ""Qualcomm Snapdragon 6s 4G Gen 1, Octa-core"", ""operating_system"": ""Android 15 (ColorOS 15)"", ""rear_camera"": ""50MP (f/1.8) + 2MP monochrome"", ""front_camera"": ""8MP"", ""battery"": ""5800mAh (typical), 45W SUPERVOOC wired charging"", ""network"": ""4G"", ""colors"": ""Mocha Brown, Olive Green""}"
OPPO INVENTORY,oppo-inventory-8gb-256gb,Oppo,Phone,Smartphone,8GB,256GB,42891.0,8000.0,1295.0,0,True,[],[],"This Oppo device comes configured with 8GB of RAM and 256GB of storage, offering solid everyday performance and generous space for apps, photos, and media. Full display, camera, and battery specifications will be added once confirmed.",{}
OPPO A5,oppo-a5-6gb-128gb-25800,Oppo,Phone,Smartphone,6GB,128GB,25800.0,5200.0,875.0,0,True,"[""https://res.cloudinary.com/el6nseiu/image/upload/v1785761684/Oppo-A5_ugwoco.jpg"", ""https://res.cloudinary.com/el6nseiu/image/upload/v1786015891/Oppo-A5-4G-b_frv8xk.webp""]","[""Oppo-A5_ugwoco"", ""Oppo-A5-4G-b_frv8xk""]","The Oppo A5 is a durable budget smartphone with a 6.67-inch 120Hz LCD display and MediaTek Dimensity 6300 chipset paired with 6GB of RAM. It features a 50MP main camera with a monochrome sensor, an 8MP front camera, and a large 6000mAh battery with 45W SUPERVOOC fast charging on 5G connectivity.","{""display"": ""6.67\"" LCD"", ""display_resolution"": ""720 x 1604 px (HD+), 120Hz"", ""processor"": ""MediaTek Dimensity 6300, Octa-core"", ""operating_system"": ""Android 15 (ColorOS 15)"", ""rear_camera"": ""50MP (f/1.8) + 2MP monochrome"", ""front_camera"": ""8MP"", ""battery"": ""6000mAh (typical), 45W SUPERVOOC wired charging"", ""network"": ""5G"", ""colors"": ""Mist White, Aurora Green""}"
OPPO A6 PRO,oppo-a6-pro-8gb-256gb-48000,Oppo,Phone,Smartphone,8GB,256GB,48000.0,9600.0,1540.0,0,True,"[""https://res.cloudinary.com/el6nseiu/image/upload/v1785761658/Oppo-A6-Pro-5G_v0erpb.jpg"", ""https://res.cloudinary.com/el6nseiu/image/upload/v1786015879/Oppo-A6-Pro-5G-a_alvht9.jpg""]","[""Oppo-A6-Pro-5G_v0erpb"", ""Oppo-A6-Pro-5G-a_alvht9""]","The Oppo A6 Pro pairs a 6.57-inch AMOLED 120Hz display with a MediaTek Dimensity 6300 chipset and 8GB of RAM for reliable mid-range performance. It has a 50MP+2MP rear camera setup, a 16MP front camera, and a huge 7000mAh battery with 80W SUPERVOOC fast charging.","{""display"": ""6.57\"" AMOLED"", ""display_resolution"": ""1080 x 2372 px (FHD+), 120Hz"", ""processor"": ""MediaTek Dimensity 6300, Octa-core"", ""operating_system"": ""Android 15 (ColorOS 15)"", ""rear_camera"": ""50MP + 2MP"", ""front_camera"": ""16MP"", ""battery"": ""7000mAh (typical), 80W SUPERVOOC wired charging"", ""network"": ""5G"", ""colors"": ""White, Blue, Pink, Light Pink""}"
OPPO A6 PRO,oppo-a6-pro-8gb-256gb-51500,Oppo,Phone,Smartphone,8GB,256GB,51500.0,10300.0,1680.0,0,True,"[""https://res.cloudinary.com/el6nseiu/image/upload/v1785761658/Oppo-A6-Pro-5G_v0erpb.jpg"", ""https://res.cloudinary.com/el6nseiu/image/upload/v1786015879/Oppo-A6-Pro-5G-a_alvht9.jpg""]","[""Oppo-A6-Pro-5G_v0erpb"", ""Oppo-A6-Pro-5G-a_alvht9""]","This Oppo A6 Pro variant offers the same 6.57-inch AMOLED 120Hz display and MediaTek Dimensity 6300 chipset with 8GB of RAM, a 50MP+2MP rear camera, and a 16MP front camera. It's powered by a massive 7000mAh battery with 80W SUPERVOOC fast charging for all-day use and quick top-ups.","{""display"": ""6.57\"" AMOLED"", ""display_resolution"": ""1080 x 2372 px (FHD+), 120Hz"", ""processor"": ""MediaTek Dimensity 6300, Octa-core"", ""operating_system"": ""Android 15 (ColorOS 15)"", ""rear_camera"": ""50MP + 2MP"", ""front_camera"": ""16MP"", ""battery"": ""7000mAh (typical), 80W SUPERVOOC wired charging"", ""network"": ""5G"", ""colors"": ""White, Blue, Pink, Light Pink""}"
OPPO A6,oppo-a6-6gb-256gb,Oppo,Phone,Smartphone,6GB,256GB,37200.0,7500.0,1225.0,0,True,"[""https://res.cloudinary.com/el6nseiu/image/upload/v1785761659/Oppo-A6-4G_ihm6ir.webp"", ""https://res.cloudinary.com/el6nseiu/image/upload/v1786015880/oppo-a6-5g-front-back_grzclo.png""]","[""Oppo-A6-4G_ihm6ir"", ""oppo-a6-5g-front-back_grzclo""]","The Oppo A6 is a budget-friendly smartphone with a 6.75-inch 120Hz LCD display, a MediaTek Dimensity 6300 chipset, and 6GB of RAM. It has a 50MP main camera, an 8MP front camera, and an exceptionally large 7000mAh battery with 45W SUPERVOOC fast charging.","{""display"": ""6.75\"" IPS LCD"", ""display_resolution"": ""720 x 1570 px (HD+), 120Hz"", ""processor"": ""MediaTek Dimensity 6300, Octa-core"", ""operating_system"": ""Android 15 (ColorOS 15)"", ""rear_camera"": ""50MP"", ""front_camera"": ""8MP"", ""battery"": ""7000mAh, 45W SUPERVOOC wired charging"", ""network"": ""5G"", ""colors"": ""Sapphire Blue, Aurora Gold, Sakura Pink""}"
OPPO A6,oppo-a6-8gb-256gb,Oppo,Phone,Smartphone,8GB,256GB,40250.0,8100.0,1330.0,0,True,"[""https://res.cloudinary.com/el6nseiu/image/upload/v1785761659/Oppo-A6-4G_ihm6ir.webp"", ""https://res.cloudinary.com/el6nseiu/image/upload/v1786015880/oppo-a6-5g-front-back_grzclo.png""]","[""Oppo-A6-4G_ihm6ir"", ""oppo-a6-5g-front-back_grzclo""]","This Oppo A6 variant steps up to 8GB of RAM while keeping the same 6.75-inch 120Hz LCD display and MediaTek Dimensity 6300 chipset. It includes a 50MP main camera, an 8MP front camera, and a 7000mAh battery with 45W SUPERVOOC fast charging.","{""display"": ""6.75\"" IPS LCD"", ""display_resolution"": ""720 x 1570 px (HD+), 120Hz"", ""processor"": ""MediaTek Dimensity 6300, Octa-core"", ""operating_system"": ""Android 15 (ColorOS 15)"", ""rear_camera"": ""50MP"", ""front_camera"": ""8MP"", ""battery"": ""7000mAh, 45W SUPERVOOC wired charging"", ""network"": ""5G"", ""colors"": ""Sapphire Blue, Aurora Gold, Sakura Pink""}"
OPPO A5,oppo-a5-6gb-128gb-25900,Oppo,Phone,Smartphone,6GB,128GB,25900.0,5200.0,875.0,0,True,"[""https://res.cloudinary.com/el6nseiu/image/upload/v1785761684/Oppo-A5_ugwoco.jpg"", ""https://res.cloudinary.com/el6nseiu/image/upload/v1786015891/Oppo-A5-4G-b_frv8xk.webp""]","[""Oppo-A5_ugwoco"", ""Oppo-A5-4G-b_frv8xk""]","The Oppo A5 is a durable budget smartphone with a 6.67-inch 120Hz LCD display and MediaTek Dimensity 6300 chipset paired with 6GB of RAM. It features a 50MP main camera with a monochrome sensor, an 8MP front camera, and a large 6000mAh battery with 45W SUPERVOOC fast charging on 5G connectivity.","{""display"": ""6.67\"" LCD"", ""display_resolution"": ""720 x 1604 px (HD+), 120Hz"", ""processor"": ""MediaTek Dimensity 6300, Octa-core"", ""operating_system"": ""Android 15 (ColorOS 15)"", ""rear_camera"": ""50MP (f/1.8) + 2MP monochrome"", ""front_camera"": ""8MP"", ""battery"": ""6000mAh (typical), 45W SUPERVOOC wired charging"", ""network"": ""5G"", ""colors"": ""Mist White, Aurora Green""}"
OPPO A3,oppo-a3-6gb-128gb,Oppo,Phone,Smartphone,6GB,128GB,25600.0,5200.0,875.0,0,True,"[""https://res.cloudinary.com/el6nseiu/image/upload/v1786015886/Oppo_A3_g_ktjb7a.webp"", ""https://res.cloudinary.com/el6nseiu/image/upload/v1786015885/Oppo_A3_b_z75v8n.jpg"", ""https://res.cloudinary.com/el6nseiu/image/upload/v1786015884/OPPO-A3-6GB128GB_xgwvep.jpg""]","[""Oppo_A3_g_ktjb7a"", ""Oppo_A3_b_z75v8n"", ""OPPO-A3-6GB128GB_xgwvep""]","The Oppo A3 is a budget smartphone with a 6.67-inch LCD display and a Qualcomm Snapdragon 6s Gen 1 chipset paired with 6GB of RAM. It has a 50MP main camera with an auxiliary lens, a 5MP front camera, and a 5100mAh battery with 45W SUPERVOOC fast charging on 4G LTE.","{""display"": ""6.67 inches, IPS LCD"", ""display_resolution"": ""720 x 1604 pixels"", ""processor"": ""Qualcomm Snapdragon 6s Gen 1 (6nm), Octa-core"", ""operating_system"": ""Android 14, ColorOS 14"", ""rear_camera"": ""50MP + Auxiliary Lens"", ""front_camera"": ""5MP"", ""battery"": ""5100mAh, 45W SUPERVOOC"", ""network"": ""4G LTE"", ""colors"": ""Sparkle Black, Starry Purple, Starlight White""}"
OPPO A3X,oppo-a3x-4gb-128gb,Oppo,Phone,Smartphone,4GB,128GB,18393.0,2000.0,700.0,0,True,"[""https://res.cloudinary.com/el6nseiu/image/upload/v1786015878/Oppo-A3x-4G-b-original_g2hbla.webp"", ""https://res.cloudinary.com/el6nseiu/image/upload/v1786015878/Oppo-A3X-128-6GB_rwojrh.jpg"", ""https://res.cloudinary.com/el6nseiu/image/upload/v1786015876/Oppo-A3x_pbgrqf.webp""]","[""Oppo-A3x-4G-b-original_g2hbla"", ""Oppo-A3X-128-6GB_rwojrh"", ""Oppo-A3x_pbgrqf""]","The Oppo A3X is an entry-level smartphone with a 6.67-inch LCD display and a Qualcomm Snapdragon 6s Gen 1 chipset paired with 4GB of RAM and 128GB of storage. It has an 8MP main camera with an auxiliary lens, a 5MP front camera, and a 5100mAh battery with 45W fast charging on 4G LTE.","{""display"": ""6.67 inches, IPS LCD"", ""display_resolution"": ""720 x 1604 pixels"", ""processor"": ""Qualcomm Snapdragon 6s Gen 1 (6nm), Octa-core"", ""operating_system"": ""Android 14, ColorOS 14"", ""rear_camera"": ""8MP + Auxiliary Lens"", ""front_camera"": ""5MP"", ""battery"": ""5100mAh, 45W"", ""network"": ""4G LTE"", ""colors"": ""Sparkle Black, Starry Purple, Starlight White""}"
OPPO A6X,oppo-a6x-4gb-64gb,Oppo,Phone,Smartphone,4GB,64GB,15900.0,1500.0,700.0,0,True,"[""https://res.cloudinary.com/el6nseiu/image/upload/v1785761652/Oppo-A6x-4G_m9wvkm.webp""]","[""Oppo-A6x-4G_m9wvkm""]","The Oppo A6X is an entry-level smartphone with a large 6.75-inch LCD display and a Qualcomm Snapdragon 685 chipset paired with 4GB of RAM. It has a 13MP autofocus rear camera, a 5MP front camera, and a substantial 6100mAh battery with 45W wired and 5W reverse wired charging on 4G LTE.","{""display"": ""6.75 inches, IPS LCD"", ""display_resolution"": ""720 x 1570 pixels"", ""processor"": ""Qualcomm Snapdragon 685 (6nm), Octa-core"", ""operating_system"": ""Android 15, ColorOS 15"", ""rear_camera"": ""13MP, AF"", ""front_camera"": ""5MP"", ""battery"": ""6100mAh, 45W wired, 5W reverse wired"", ""network"": ""4G LTE"", ""colors"": ""Plum Purple, Ice Blue""}"
OPPO A3X,oppo-a3x-4gb-64gb,Oppo,Phone,Smartphone,4GB,64GB,14886.0,1500.0,595.0,0,True,"[""https://res.cloudinary.com/el6nseiu/image/upload/v1786015878/Oppo-A3x-4G-b-original_g2hbla.webp"", ""https://res.cloudinary.com/el6nseiu/image/upload/v1786015878/Oppo-A3X-128-6GB_rwojrh.jpg"", ""https://res.cloudinary.com/el6nseiu/image/upload/v1786015876/Oppo-A3x_pbgrqf.webp""]","[""Oppo-A3x-4G-b-original_g2hbla"", ""Oppo-A3X-128-6GB_rwojrh"", ""Oppo-A3x_pbgrqf""]","The Oppo A3X is a budget-friendly entry-level smartphone with a 6.67-inch LCD display and a Qualcomm Snapdragon 6s Gen 1 chipset paired with 4GB of RAM and 64GB of storage. It has an 8MP main camera with an auxiliary lens, a 5MP front camera, and a 5100mAh battery with 45W fast charging on 4G LTE.","{""display"": ""6.67 inches, IPS LCD"", ""display_resolution"": ""720 x 1604 pixels"", ""processor"": ""Qualcomm Snapdragon 6s Gen 1 (6nm), Octa-core"", ""operating_system"": ""Android 14, ColorOS 14"", ""rear_camera"": ""8MP + Auxiliary Lens"", ""front_camera"": ""5MP"", ""battery"": ""5100mAh, 45W"", ""network"": ""4G LTE"", ""colors"": ""Sparkle Black, Starry Purple, Starlight White""}"
OPPO A6X,oppo-a6x-4gb-256gb,Oppo,Phone,Smartphone,4GB,256GB,22300.0,2500.0,840.0,0,True,"[""https://res.cloudinary.com/el6nseiu/image/upload/v1785761652/Oppo-A6x-4G_m9wvkm.webp"", ""https://res.cloudinary.com/el6nseiu/image/upload/v1786015877/Oppo-A6x-5G_b_f8k35c.webp"", ""https://res.cloudinary.com/el6nseiu/image/upload/v1786015877/Oppo-A6x-4G_bglwyg.webp""]","[""Oppo-A6x-4G_m9wvkm"", ""Oppo-A6x-5G_b_f8k35c"", ""Oppo-A6x-4G_bglwyg""]","The Oppo A6X pairs a large 6.75-inch LCD display with a Qualcomm Snapdragon 685 chipset, 4GB of RAM, and a generous 256GB of storage. It has a 13MP autofocus rear camera, a 5MP front camera, and a 6100mAh battery with 45W wired and 5W reverse wired charging on 4G LTE.","{""display"": ""6.75 inches, IPS LCD"", ""display_resolution"": ""720 x 1570 pixels"", ""processor"": ""Qualcomm Snapdragon 685 (6nm), Octa-core"", ""operating_system"": ""Android 15, ColorOS 15"", ""rear_camera"": ""13MP, AF"", ""front_camera"": ""5MP"", ""battery"": ""6100mAh, 45W wired, 5W reverse wired"", ""network"": ""4G LTE"", ""colors"": ""Plum Purple, Ice Blue""}"
OPPO A6X,oppo-a6x-4gb-128gb-20300,Oppo,Phone,Smartphone,4GB,128GB,20300.0,2000.0,805.0,0,True,"[""https://res.cloudinary.com/el6nseiu/image/upload/v1785761652/Oppo-A6x-4G_m9wvkm.webp"", ""https://res.cloudinary.com/el6nseiu/image/upload/v1786015877/Oppo-A6x-5G_b_f8k35c.webp"", ""https://res.cloudinary.com/el6nseiu/image/upload/v1786015877/Oppo-A6x-4G_bglwyg.w""]","[""Oppo-A6x-4G_m9wvkm"", ""Oppo-A6x-5G_b_f8k35c"", ""Oppo-A6x-4G_bglwyg""]","The Oppo A6X pairs a large 6.75-inch LCD display with a Qualcomm Snapdragon 685 chipset, 4GB of RAM, and 128GB of storage. It has a 13MP autofocus rear camera, a 5MP front camera, and a 6100mAh battery with 45W wired and 5W reverse wired charging on 4G LTE.","{""display"": ""6.75 inches, IPS LCD"", ""display_resolution"": ""720 x 1570 pixels"", ""processor"": ""Qualcomm Snapdragon 685 (6nm), Octa-core"", ""operating_system"": ""Android 15, ColorOS 15"", ""rear_camera"": ""13MP, AF"", ""front_camera"": ""5MP"", ""battery"": ""6100mAh, 45W wired, 5W reverse wired"", ""network"": ""4G LTE"", ""colors"": ""Plum Purple, Ice Blue""}"
OPPO A6X,oppo-a6x-4gb-128gb-19700,Oppo,Phone,Smartphone,4GB,128GB,19700.0,2000.0,770.0,0,True,"[""https://res.cloudinary.com/el6nseiu/image/upload/v1785761651/Oppo-A6x-5G_qdfw39.webp"", ""https://res.cloudinary.com/el6nseiu/image/upload/v1786015877/Oppo-A6x-4G_bglwyg.webp"", ""https://res.cloudinary.com/el6nseiu/image/upload/v1786015877/Oppo-A6x-5G_b_f8k35c.webp""]","[""Oppo-A6x-5G_qdfw39"", ""Oppo-A6x-4G_bglwyg"", ""Oppo-A6x-5G_b_f8k35c""]","This Oppo A6X variant offers the same large 6.75-inch LCD display, Qualcomm Snapdragon 685 chipset, 4GB of RAM, and 128GB of storage as other A6X models. It has a 13MP autofocus rear camera, a 5MP front camera, and a 6100mAh battery with 45W wired and 5W reverse wired charging on 4G LTE.","{""display"": ""6.75 inches, IPS LCD"", ""display_resolution"": ""720 x 1570 pixels"", ""processor"": ""Qualcomm Snapdragon 685 (6nm), Octa-core"", ""operating_system"": ""Android 15, ColorOS 15"", ""rear_camera"": ""13MP, AF"", ""front_camera"": ""5MP"", ""battery"": ""6100mAh, 45W wired, 5W reverse wired"", ""network"": ""4G LTE"", ""colors"": ""Plum Purple, Ice Blue""}"
REALME C75 X,realme-c75-x-8gb-256gb,Realme,Phone,Smartphone,8GB,256GB,22800.0,4600.0,770.0,0,True,"[""https://res.cloudinary.com/el6nseiu/image/upload/v1785758887/Realme_C75X_oiqwaw.avif"", ""https://res.cloudinary.com/el6nseiu/image/upload/v1786016642/Realme-C75x-4G_p_sy42x3.webp"", ""https://res.cloudinary.com/el6nseiu/image/upload/v1786016639/Realme-C75X-Water-Resistant_pb_jpy6oi.webp""]","[""Realme_C75X_oiqwaw"", ""Realme-C75x-4G_p_sy42x3"", ""Realme-C75X-Water-Resistant_pb_jpy6oi""]","The Realme C75X is a budget-friendly smartphone with a 6.67-inch LCD display and a MediaTek Helio G81 Ultra chipset paired with 8GB of RAM. It has a 50MP main camera, a 5MP front camera, and a 5600mAh battery with 45W fast charging on 4G LTE.","{""display"": ""6.67 inches, IPS LCD"", ""display_resolution"": ""720 x 1604 pixels"", ""processor"": ""Mediatek Helio G81 Ultra (12nm), Octa-core"", ""operating_system"": ""Android 15, Realme UI 6.0"", ""rear_camera"": ""50MP"", ""front_camera"": ""5MP"", ""battery"": ""5600mAh, 45W"", ""network"": ""4G LTE"", ""colors"": ""Coral Pink, Oceanic Blue""}"
REALME C75,realme-c75-8gb-128gb,Realme,Phone,Smartphone,8GB,128GB,24500.0,4900.0,840.0,0,True,"[""https://res.cloudinary.com/el6nseiu/image/upload/v1785758886/Realme_C75_mooxsl.avif"", ""https://res.cloudinary.com/el6nseiu/image/upload/v1786016646/Realme-C75-g_itldfp.jpg"", ""https://res.cloudinary.com/el6nseiu/image/upload/v1786016645/Realme-C75_y_unncgy.jpg"", ""https://res.cloudinary.com/el6nseiu/image/upload/v1786016644/Realme-C75-5G-a-w_gw2yue.webp""]","[""Realme_C75_mooxsl"", ""Realme-C75-g_itldfp"", ""Realme-C75_y_unncgy"", ""Realme-C75-5G-a-w_gw2yue""]","The Realme C75 pairs a 6.72-inch LCD display with a MediaTek Helio G92 Max chipset and 8GB of RAM for smooth everyday use. It has a 50MP main camera with an auxiliary AI lens, an 8MP front camera, and a large 6000mAh battery with 45W fast charging on 4G LTE.","{""display"": ""6.72 inches, IPS LCD"", ""display_resolution"": ""1080 x 2400 pixels"", ""processor"": ""Mediatek Helio G92 Max (12nm), Octa-core"", ""operating_system"": ""Android 14, Realme UI 5.0"", ""rear_camera"": ""50MP + Auxiliary AI Lens"", ""front_camera"": ""8MP"", ""battery"": ""6000mAh, 45W"", ""network"": ""4G LTE"", ""colors"": ""Gold, Black""}"
REALME C75,realme-c75-8gb-256gb,Realme,Phone,Smartphone,8GB,256GB,26800.0,5400.0,910.0,0,True,"[""https://res.cloudinary.com/el6nseiu/image/upload/v1785758886/Realme_C75_mooxsl.avif"", ""https://res.cloudinary.com/el6nseiu/image/upload/v1786016646/Realme-C75-g_itldfp.jpg"", ""https://res.cloudinary.com/el6nseiu/image/upload/v1786016645/Realme-C75_y_unncgy.jpg""]","[""Realme_C75_mooxsl"", ""Realme-C75-g_itldfp"", ""Realme-C75_y_unncgy""]","This Realme C75 variant offers the same 6.72-inch LCD display and MediaTek Helio G92 Max chipset with 8GB of RAM, alongside a roomier 256GB of storage. It has a 50MP main camera with an auxiliary AI lens, an 8MP front camera, and a 6000mAh battery with 45W fast charging.","{""display"": ""6.72 inches, IPS LCD"", ""display_resolution"": ""1080 x 2400 pixels"", ""processor"": ""Mediatek Helio G92 Max (12nm), Octa-core"", ""operating_system"": ""Android 14, Realme UI 5.0"", ""rear_camera"": ""50MP + Auxiliary AI Lens"", ""front_camera"": ""8MP"", ""battery"": ""6000mAh, 45W"", ""network"": ""4G LTE"", ""colors"": ""Gold, Black""}"
REALME C75,realme-c75-8gb-512gb,Realme,Phone,Smartphone,8GB,512GB,30000.0,6000.0,1015.0,0,True,"[""https://res.cloudinary.com/el6nseiu/image/upload/v1785758886/Realme_C75_mooxsl.avif"", ""https://res.cloudinary.com/el6nseiu/image/upload/v1786016646/Realme-C75-g_itldfp.jpg"", ""https://res.cloudinary.com/el6nseiu/image/upload/v1786016645/Realme-C75_y_unncgy.jpg""]","[""Realme_C75_mooxsl"", ""Realme-C75-g_itldfp"", ""Realme-C75_y_unncgy""]","This top-spec Realme C75 variant pairs the same 6.72-inch LCD display and MediaTek Helio G92 Max chipset with 8GB of RAM and a generous 512GB of storage. It has a 50MP main camera with an auxiliary AI lens, an 8MP front camera, and a 6000mAh battery with 45W fast charging.","{""display"": ""6.72 inches, IPS LCD"", ""display_resolution"": ""1080 x 2400 pixels"", ""processor"": ""Mediatek Helio G92 Max (12nm), Octa-core"", ""operating_system"": ""Android 14, Realme UI 5.0"", ""rear_camera"": ""50MP + Auxiliary AI Lens"", ""front_camera"": ""8MP"", ""battery"": ""6000mAh, 45W"", ""network"": ""4G LTE"", ""colors"": ""Gold, Black""}"
REALME C75X,realme-c75x-6gb-128gb,Realme,Phone,Smartphone,6GB,128GB,20375.0,4100.0,700.0,0,True,"[""https://res.cloudinary.com/el6nseiu/image/upload/v1785758887/Realme_C75X_oiqwaw.avif"", ""https://res.cloudinary.com/el6nseiu/image/upload/v1786016642/Realme-C75x-4G_p_sy42x3.webp"", ""https://res.cloudinary.com/el6nseiu/image/upload/v1786016639/Realme-C75X-Water""]","[""Realme_C75X_oiqwaw"", ""Realme-C75x-4G_p_sy42x3"", ""Realme-C75X-Water""]","The Realme C75X is a budget-friendly smartphone with a 6.67-inch LCD display and a MediaTek Helio G81 Ultra chipset paired with 6GB of RAM. It has a 50MP main camera, a 5MP front camera, and a 5600mAh battery with 45W fast charging on 4G LTE.","{""display"": ""6.67 inches, IPS LCD"", ""display_resolution"": ""720 x 1604 pixels"", ""processor"": ""Mediatek Helio G81 Ultra (12nm), Octa-core"", ""operating_system"": ""Android 15, Realme UI 6.0"", ""rear_camera"": ""50MP"", ""front_camera"": ""5MP"", ""battery"": ""5600mAh, 45W"", ""network"": ""4G LTE"", ""colors"": ""Coral Pink, Oceanic Blue""}"
REALME C71,realme-c71-6gb-128gb,Realme,Phone,Smartphone,6GB,128GB,17700.0,3600.0,630.0,0,True,"[""https://res.cloudinary.com/el6nseiu/image/upload/v1785758885/Realme_C71_gkgcqc.avif"", ""https://res.cloudinary.com/el6nseiu/image/upload/v1786016638/Realme-c71_w_v3ax0q.webp""]","[""Realme_C71_gkgcqc"", ""Realme-c71_w_v3ax0q""]","The Realme C71 is an affordable smartphone with a 6.67-inch LCD display and a Unisoc T7250 chipset paired with 6GB of RAM. It has a 50MP AI main camera with an auxiliary lens, a 5MP front camera, and a large 6300mAh battery with 45W SUPERVOOC fast charging on 4G LTE.","{""display"": ""6.67 inches, IPS LCD"", ""display_resolution"": ""720 x 1604 pixels"", ""processor"": ""Unisoc T7250 (12nm), Octa-core"", ""operating_system"": ""Android 15, Realme UI 6.0"", ""rear_camera"": ""50MP AI + Auxiliary Lens"", ""front_camera"": ""5MP"", ""battery"": ""6300mAh, 45W SUPERVOOC"", ""network"": ""4G LTE"", ""colors"": ""White Swan, Forest Owl""}"
REALME C71,realme-c71-8gb-256gb,Realme,Phone,Smartphone,8GB,256GB,19900.0,4000.0,700.0,0,True,"[""https://res.cloudinary.com/el6nseiu/image/upload/v1785758885/Realme_C71_gkgcqc.avif"", ""https://res.cloudinary.com/el6nseiu/image/upload/v1786016638/Realme-c71_w_v3ax0q.webp""]","[""Realme_C71_gkgcqc"", ""Realme-c71_w_v3ax0q""]","This Realme C71 variant steps up to 8GB of RAM and 256GB of storage while keeping the same 6.67-inch LCD display and Unisoc T7250 chipset. It has a 50MP AI main camera with an auxiliary lens, a 5MP front camera, and a 6300mAh battery with 45W SUPERVOOC fast charging.","{""display"": ""6.67 inches, IPS LCD"", ""display_resolution"": ""720 x 1604 pixels"", ""processor"": ""Unisoc T7250 (12nm), Octa-core"", ""operating_system"": ""Android 15, Realme UI 6.0"", ""rear_camera"": ""50MP AI + Auxiliary Lens"", ""front_camera"": ""5MP"", ""battery"": ""6300mAh, 45W SUPERVOOC"", ""network"": ""4G LTE"", ""colors"": ""White Swan, Forest Owl""}"
REALME NOTE 60X,realme-note-60x-4gb-128gb,Realme,Phone,Smartphone,4GB,128GB,12500.0,2500.0,455.0,0,True,[],[],"The Realme Note 60X is an entry-level smartphone with a 6.74-inch LCD display and a Unisoc Tiger T612 chipset paired with 4GB of RAM. It has an 8MP main camera with an auxiliary lens, a 5MP front camera, and a 5000mAh battery for all-day use on 4G LTE.","{""display"": ""6.74 inches, IPS LCD"", ""display_resolution"": ""720 x 1600 pixels"", ""processor"": ""Unisoc Tiger T612 (12nm), Octa-core"", ""operating_system"": ""Android 14, Realme UI"", ""rear_camera"": ""8MP + Auxiliary Lens"", ""front_camera"": ""5MP"", ""battery"": ""5000mAh, 10W"", ""network"": ""4G LTE"", ""colors"": ""Sparkle Gold, Dark Green""}"
REALME C85 PRO,realme-c85-pro-8gb-256gb,Realme,Phone,Smartphone,8GB,256GB,33200.0,5200.0,1155.0,0,True,"[""https://res.cloudinary.com/el6nseiu/image/upload/v1785758885/Realme-C85-Pro-4G_shiyur.webp"", ""https://res.cloudinary.com/el6nseiu/image/upload/v1786016637/Realme-C85-Pro-a-gr_uoqybc.webp"", ""https://res.cloudinary.com/el6nseiu/image/upload/v1786016637/Realme_c85_pro_p_mloj2i.jpg""]","[""Realme-C85-Pro-4G_shiyur"", ""Realme-C85-Pro-a-gr_uoqybc"", ""Realme_c85_pro_p_mloj2i""]","The Realme C85 Pro stands out with a 6.8-inch AMOLED display and a Qualcomm Snapdragon 685 chipset paired with 8GB of RAM. It has a 50MP main camera, an 8MP front camera, and an exceptionally large 7000mAh battery with 45W fast charging on 4G LTE.","{""display"": ""6.8 inches, AMOLED"", ""display_resolution"": ""1080 x 2344 pixels"", ""processor"": ""Qualcomm Snapdragon 685 (6nm), Octa-core"", ""operating_system"": ""Android 15, Realme UI 6.0"", ""rear_camera"": ""50MP"", ""front_camera"": ""8MP"", ""battery"": ""7000mAh, 45W"", ""network"": ""4G LTE"", ""colors"": ""Parrot Purple, Peacock Green""}"
REALME Note 60X,realme-note-60x-0gb-0gb,Realme,Phone,Smartphone,0GB,0GB,15200.0,3100.0,525.0,0,True,[],[],"The Realme Note 60X is an entry-level smartphone with a 6.74-inch LCD display and a Unisoc Tiger T612 chipset. It has an 8MP main camera with an auxiliary lens, a 5MP front camera, and a 5000mAh battery for all-day use on 4G LTE.","{""display"": ""6.74 inches, IPS LCD"", ""display_resolution"": ""720 x 1600 pixels"", ""processor"": ""Unisoc Tiger T612 (12nm), Octa-core"", ""operating_system"": ""Android 14, Realme UI"", ""rear_camera"": ""8MP + Auxiliary Lens"", ""front_camera"": ""5MP"", ""battery"": ""5000mAh, 10W"", ""network"": ""4G LTE"", ""colors"": ""Sparkle Gold, Dark Green""}"
REALME Note 60X,realme-note-60x-3gb-64gb,Realme,Phone,Smartphone,3GB,64GB,15200.0,3100.0,525.0,0,True,[],[],"The Realme Note 60X is an entry-level smartphone with a 6.74-inch LCD display and a Unisoc Tiger T612 chipset paired with 3GB of RAM and 64GB of storage. It has an 8MP main camera with an auxiliary lens, a 5MP front camera, and a 5000mAh battery for all-day use on 4G LTE.","{""display"": ""6.74 inches, IPS LCD"", ""display_resolution"": ""720 x 1600 pixels"", ""processor"": ""Unisoc Tiger T612 (12nm), Octa-core"", ""operating_system"": ""Android 14, Realme UI"", ""rear_camera"": ""8MP + Auxiliary Lens"", ""front_camera"": ""5MP"", ""battery"": ""5000mAh, 10W"", ""network"": ""4G LTE"", ""colors"": ""Sparkle Gold, Dark Green""}"
REALME C100i,realme-c100i-4gb-64gb,Realme,Phone,Smartphone,4GB,64GB,18600.0,1500.0,770.0,0,True,"[""https://res.cloudinary.com/el6nseiu/image/upload/v1785758884/Realme-C100i_d2v94v.webp"", ""https://res.cloudinary.com/el6nseiu/image/upload/v1786016637/Realme-C100i-w_xsix1m.png""]","[""Realme-C100i_d2v94v"", ""Realme-C100i-w_xsix1m""]","The Realme C100i is a budget smartphone with a large 6.8-inch LCD display and a Unisoc T7250 chipset paired with 4GB of RAM and 64GB of storage. It has an 8MP autofocus rear camera, a 5MP front camera, and a standout 7000mAh battery with 15W charging on 4G LTE.","{""display"": ""6.8 inches, IPS LCD"", ""display_resolution"": ""720 x 1570 pixels"", ""processor"": ""Unisoc T7250 (12nm), Octa-core"", ""operating_system"": ""Android 16, Realme UI 7.0"", ""rear_camera"": ""8MP, AF"", ""front_camera"": ""5MP"", ""battery"": ""7000mAh, 15W"", ""network"": ""4G LTE"", ""colors"": ""Dawn Purple, Dusk Gray""}"
REALME C100i,realme-c100i-4gb-128gb,Realme,Phone,Smartphone,4GB,128GB,20600.0,2000.0,805.0,0,True,"[""https://res.cloudinary.com/el6nseiu/image/upload/v1785758884/Realme-C100i_d2v94v.webp"", ""https://res.cloudinary.com/el6nseiu/image/upload/v1786016637/Realme-C100i-w_xsix1m.png""]","[""Realme-C100i_d2v94v"", ""Realme-C100i-w_xsix1m""]","This Realme C100i variant offers the same large 6.8-inch LCD display and Unisoc T7250 chipset with 4GB of RAM, alongside more spacious 128GB storage. It has an 8MP autofocus rear camera, a 5MP front camera, and a standout 7000mAh battery with 15W charging on 4G LTE.","{""display"": ""6.8 inches, IPS LCD"", ""display_resolution"": ""720 x 1570 pixels"", ""processor"": ""Unisoc T7250 (12nm), Octa-core"", ""operating_system"": ""Android 16, Realme UI 7.0"", ""rear_camera"": ""8MP, AF"", ""front_camera"": ""5MP"", ""battery"": ""7000mAh, 15W"", ""network"": ""4G LTE"", ""colors"": ""Dawn Purple, Dusk Gray""}"
REDMI NOTE 14,redmi-note-14-8gb-256gb,Redmi,Phone,Smartphone,8GB,256GB,25370.0,5100.0,840.0,0,True,[],[],"The Redmi Note 14 pairs a 6.67-inch AMOLED display with a MediaTek Helio G99 Ultra chipset and 8GB of RAM for smooth mid-range performance. It has a 108MP triple rear camera setup, a 20MP front camera, and a 5500mAh battery with 33W fast charging on 4G LTE.","{""display"": ""6.67 inches, AMOLED"", ""display_resolution"": ""1080 x 2400 pixels"", ""processor"": ""MediaTek Helio G99 Ultra (6nm), Octa-core"", ""operating_system"": ""Android 14, HyperOS"", ""rear_camera"": ""108MP + 2MP + 2MP"", ""front_camera"": ""20MP"", ""battery"": ""5500mAh, 33W"", ""network"": ""4G LTE"", ""colors"": ""Midnight Black, Mist Purple, Ocean Blue, Lime Green""}"
REDMI NOTE 14,redmi-note-14-6gb-128gb,Redmi,Phone,Smartphone,6GB,128GB,21130.0,4300.0,735.0,0,True,[],[],"This Redmi Note 14 variant pairs the same 6.67-inch AMOLED display and MediaTek Helio G99 Ultra chipset with 6GB of RAM and 128GB of storage. It has a 108MP triple rear camera setup, a 20MP front camera, and a 5500mAh battery with 33W fast charging on 4G LTE.","{""display"": ""6.67 inches, AMOLED"", ""display_resolution"": ""1080 x 2400 pixels"", ""processor"": ""MediaTek Helio G99 Ultra (6nm), Octa-core"", ""operating_system"": ""Android 14, HyperOS"", ""rear_camera"": ""108MP + 2MP + 2MP"", ""front_camera"": ""20MP"", ""battery"": ""5500mAh, 33W"", ""network"": ""4G LTE"", ""colors"": ""Midnight Black, Mist Purple, Ocean Blue, Lime Green""}"
REDMI 15C,redmi-15c-4gb-128gb,Redmi,Phone,Smartphone,4GB,128GB,17447.0,3500.0,595.0,0,True,[],[],"The Redmi 15C is a budget smartphone with a large 6.9-inch LCD display and a MediaTek Helio G81 Ultra chipset paired with 4GB of RAM. It has a 50MP main camera, an 8MP front camera, and a substantial 6000mAh battery with 33W fast charging on 4G LTE.","{""display"": ""6.9 inches, IPS LCD"", ""display_resolution"": ""720 x 1600 pixels"", ""processor"": ""MediaTek Helio G81 Ultra (12nm), Octa-core"", ""operating_system"": ""Android 15, HyperOS 2"", ""rear_camera"": ""50MP + QVGA"", ""front_camera"": ""8MP"", ""battery"": ""6000mAh, 33W"", ""network"": ""4G LTE"", ""colors"": ""Moonlight Blue, Mint Green, Midnight Gray, Twilight Orange""}"
REDMI 15C,redmi-15c-6gb-128gb,Redmi,Phone,Smartphone,6GB,128GB,18115.0,3700.0,630.0,0,True,[],[],"This Redmi 15C variant steps up to 6GB of RAM while keeping the same large 6.9-inch LCD display and MediaTek Helio G81 Ultra chipset. It has a 50MP main camera, an 8MP front camera, and a substantial 6000mAh battery with 33W fast charging on 4G LTE.","{""display"": ""6.9 inches, IPS LCD"", ""display_resolution"": ""720 x 1600 pixels"", ""processor"": ""MediaTek Helio G81 Ultra (12nm), Octa-core"", ""operating_system"": ""Android 15, HyperOS 2"", ""rear_camera"": ""50MP + QVGA"", ""front_camera"": ""8MP"", ""battery"": ""6000mAh, 33W"", ""network"": ""4G LTE"", ""colors"": ""Moonlight Blue, Mint Green, Midnight Gray, Twilight Orange""}"
REDMI 15C,redmi-15c-4gb-256gb,Redmi,Phone,Smartphone,4GB,256GB,19784.0,4000.0,665.0,0,True,[],[],"This Redmi 15C variant offers a roomier 256GB of storage alongside the same large 6.9-inch LCD display and MediaTek Helio G81 Ultra chipset with 4GB of RAM. It has a 50MP main camera, an 8MP front camera, and a substantial 6000mAh battery with 33W fast charging on 4G LTE.","{""display"": ""6.9 inches, IPS LCD"", ""display_resolution"": ""720 x 1600 pixels"", ""processor"": ""MediaTek Helio G81 Ultra (12nm), Octa-core"", ""operating_system"": ""Android 15, HyperOS 2"", ""rear_camera"": ""50MP + QVGA"", ""front_camera"": ""8MP"", ""battery"": ""6000mAh, 33W"", ""network"": ""4G LTE"", ""colors"": ""Moonlight Blue, Mint Green, Midnight Gray, Twilight Orange""}"
REDMI 15C,redmi-15c-8gb-256gb,Redmi,Phone,Smartphone,8GB,256GB,23500.0,4700.0,805.0,0,True,[],[],"This top-spec Redmi 15C variant pairs 8GB of RAM with 256GB of storage on the same large 6.9-inch LCD display and MediaTek Helio G81 Ultra chipset. It has a 50MP main camera, an 8MP front camera, and a substantial 6000mAh battery with 33W fast charging on 4G LTE.","{""display"": ""6.9 inches, IPS LCD"", ""display_resolution"": ""720 x 1600 pixels"", ""processor"": ""MediaTek Helio G81 Ultra (12nm), Octa-core"", ""operating_system"": ""Android 15, HyperOS 2"", ""rear_camera"": ""50MP + QVGA"", ""front_camera"": ""8MP"", ""battery"": ""6000mAh, 33W"", ""network"": ""4G LTE"", ""colors"": ""Moonlight Blue, Mint Green, Midnight Gray, Twilight Orange""}"
REDMI NOTE 15,redmi-note-15-6gb-128gb,Redmi,Phone,Smartphone,6GB,128GB,30000.0,6000.0,1015.0,0,True,[],[],"The Redmi Note 15 features a 6.77-inch AMOLED display and a MediaTek Helio G100 Ultra chipset paired with 6GB of RAM for reliable mid-range performance. It has a 108MP main camera with an auxiliary lens, a sharp 20MP front camera, and a 6000mAh battery with 33W fast charging on 4G LTE.","{""display"": ""6.77 inches, AMOLED"", ""display_resolution"": ""1080 x 2392 pixels"", ""processor"": ""MediaTek Helio G100 Ultra (6nm), Octa-core"", ""operating_system"": ""Android 15, HyperOS 2"", ""rear_camera"": ""108MP + Auxiliary Lens"", ""front_camera"": ""20MP"", ""battery"": ""6000mAh, 33W"", ""network"": ""4G LTE"", ""colors"": ""Black, Forest Green, Glacier Blue, Purple""}"
REDMI NOTE 15,redmi-note-15-8gb-256gb,Redmi,Phone,Smartphone,8GB,256GB,34000.0,6800.0,1120.0,0,True,[],[],"This Redmi Note 15 variant steps up to 8GB of RAM and 256GB of storage while keeping the same 6.77-inch AMOLED display and MediaTek Helio G100 Ultra chipset. It has a 108MP main camera with an auxiliary lens, a sharp 20MP front camera, and a 6000mAh battery with 33W fast charging on 4G LTE.","{""display"": ""6.77 inches, AMOLED"", ""display_resolution"": ""1080 x 2392 pixels"", ""processor"": ""MediaTek Helio G100 Ultra (6nm), Octa-core"", ""operating_system"": ""Android 15, HyperOS 2"", ""rear_camera"": ""108MP + Auxiliary Lens"", ""front_camera"": ""20MP"", ""battery"": ""6000mAh, 33W"", ""network"": ""4G LTE"", ""colors"": ""Black, Forest Green, Glacier Blue, Purple""}"
REDMI NOTE 15 PRO,redmi-note-15-pro-8gb-256gb,Redmi,Phone,Smartphone,8GB,256GB,42600.0,8600.0,1400.0,0,True,[],[],"The Redmi Note 15 Pro is built for buyers who want flagship-level photography without the flagship price tag. Its 6.77-inch AMOLED display delivers vivid, sharp visuals for streaming, gaming, and everyday browsing, while the MediaTek Helio G200 Ultra chipset and 8GB of RAM keep multitasking fast and smooth. The headline feature is a 200MP OIS-stabilized main camera that captures stunningly detailed, blur-free shots even in low light, paired with a crisp 32MP selfie camera for social media-ready portraits. A generous 6500mAh battery with 45W fast charging means all-day power with minimal downtime, making this an easy phone to recommend to anyone who wants premium performance on a budget-friendly installment plan.","{""display"": ""6.77 inches, AMOLED"", ""display_resolution"": ""2772 x 1280 pixels"", ""processor"": ""MediaTek Helio G200 Ultra (6nm), Octa-core"", ""operating_system"": ""Android 15, HyperOS 2"", ""rear_camera"": ""200MP + 8MP, OIS"", ""front_camera"": ""32MP"", ""battery"": ""6500mAh, 45W"", ""network"": ""4G LTE"", ""colors"": ""Black, Glacier Blue, Mist Purple, Titanium""}"
REDMI NOTE 15 PRO,redmi-note-15-pro-12gb-512gb,Redmi,Phone,Smartphone,12GB,512GB,52842.0,10600.0,1715.0,0,True,[],[],"This top-tier Redmi Note 15 Pro variant is the ultimate choice for power users, offering a spacious 12GB of RAM and a massive 512GB of storage that eliminates any worry about running out of space for apps, games, or media. It shares the same stunning 6.77-inch AMOLED display and MediaTek Helio G200 Ultra chipset as the standard model, but the extra memory ensures buttery-smooth performance even with heavy multitasking. The 200MP OIS camera and 32MP selfie shooter deliver professional-quality photos and videos, while the 6500mAh battery with 45W fast charging keeps up with even the most demanding daily use. For customers who want the best specs available in this range, this is the smart, future-proof investment.","{""display"": ""6.77 inches, AMOLED"", ""display_resolution"": ""2772 x 1280 pixels"", ""processor"": ""MediaTek Helio G200 Ultra (6nm), Octa-core"", ""operating_system"": ""Android 15, HyperOS 2"", ""rear_camera"": ""200MP + 8MP, OIS"", ""front_camera"": ""32MP"", ""battery"": ""6500mAh, 45W"", ""network"": ""4G LTE"", ""colors"": ""Black, Glacier Blue, Mist Purple, Titanium""}"
REDMI A7 PRO,redmi-a7-pro-4gb-128gb,Redmi,Phone,Smartphone,4GB,128GB,15702.0,1800.0,595.0,0,True,[],[],"The Redmi A7 Pro proves that affordability doesn't have to mean compromise. Its large 6.9-inch display makes browsing, video calls, and reading comfortable, while the Unisoc T7250 chipset and 4GB of RAM handle everyday tasks like calls, messaging, and social media without a hitch. A 13MP AI dual camera captures clear photos for sharing on WhatsApp and social media, and the massive 6000mAh battery is built to comfortably last a full day and beyond, ideal for customers who are always on the move. Running the latest Android 16 with HyperOS 3, this phone offers modern software on a genuinely budget-friendly price, making it a smart first smartphone or reliable backup device.","{""display"": ""6.9 inches, IPS LCD"", ""display_resolution"": ""720 x 1612 pixels"", ""processor"": ""Unisoc T7250 (12nm), Octa-core"", ""operating_system"": ""Android 16, HyperOS 3"", ""rear_camera"": ""13MP AI Dual Camera"", ""front_camera"": ""8MP"", ""battery"": ""6000mAh, 15W"", ""network"": ""4G LTE"", ""colors"": ""Black, Mist Blue, Palm Green, Sunset Orange""}"
REDMI A7 PRO,redmi-a7-pro-4gb-64gb,Redmi,Phone,Smartphone,4GB,64GB,13954.0,1300.0,560.0,0,True,[],[],"This entry-level Redmi A7 Pro variant delivers the same dependable 6.9-inch display, Unisoc T7250 chipset, and massive 6000mAh battery as its sibling, at an even more accessible price point with 64GB of storage. It's the ideal option for first-time smartphone buyers or anyone who wants a genuinely capable device for calls, messaging, and light browsing without breaking the bank. The 13MP AI dual camera and 8MP front camera cover everyday photography needs, while Android 16 with HyperOS 3 keeps the experience modern and up to date. With its low deposit and weekly installment, it's one of the most accessible ways to get a brand-new smartphone.","{""display"": ""6.9 inches, IPS LCD"", ""display_resolution"": ""720 x 1612 pixels"", ""processor"": ""Unisoc T7250 (12nm), Octa-core"", ""operating_system"": ""Android 16, HyperOS 3"", ""rear_camera"": ""13MP AI Dual Camera"", ""front_camera"": ""8MP"", ""battery"": ""6000mAh, 15W"", ""network"": ""4G LTE"", ""colors"": ""Black, Mist Blue, Palm Green, Sunset Orange""}"
SAFARICOM NEON ULTRA 2,safaricom-neon-ultra-2-4gb-64gb,Safaricom,Phone,Smartphone,4GB,64GB,9299.0,1000.0,385.0,0,True,[],[],"The Safaricom Neon Ultra 2 is purpose-built for customers who want a genuine, no-compromise entry into the smartphone world at the lowest possible cost. Its 6.75-inch display is comfortably large for browsing, video calls, and using mobile money apps, while the Android Go Edition software is specifically optimized to run smoothly even on modest hardware, ensuring a snappy, lag-free experience. A 16MP triple rear camera setup is a rare treat at this price point, letting buyers capture better everyday photos than typical entry-level phones allow, and the 5100mAh battery keeps it running through a full day of calls, texts, and social media. This is an outstanding choice for budget-conscious buyers, students, or anyone needing a dependable second phone.","{""display"": ""6.75 inches, IPS LCD"", ""display_resolution"": ""720 x 1600 pixels"", ""processor"": ""Octa-core, up to 1.6GHz"", ""operating_system"": ""Android Go Edition (Android 14)"", ""rear_camera"": ""16MP Triple Camera"", ""front_camera"": ""8MP"", ""battery"": ""5100mAh"", ""network"": ""4G LTE"", ""colors"": ""Black, Silver""}"
TECNO T001,tecno-t001-4gb-128gb,Tecno,Phone,Smartphone,4GB,128GB,17000.0,3400.0,595.0,0,True,[],[],"The Tecno T001 offers a well-balanced 4GB of RAM and 128GB of storage, giving buyers ample room for apps, photos, and files without slowing down everyday performance. It's a smart, dependable option for customers who want solid everyday usability and generous storage at an accessible price point. Full display, camera, and battery specifications will be added once confirmed, but its specs sheet already positions it as a practical, no-nonsense choice for budget-conscious shoppers on an installment plan.",{}
TECNO POP 10,tecno-pop-10-3gb-64gb,Tecno,Phone,Smartphone,3GB,64GB,12300.0,2500.0,455.0,0,True,[],[],"The Tecno Pop 10 is the perfect no-frills smartphone for buyers who simply want a reliable device that gets the job done. Its 6.67-inch display is comfortable for everyday use, while the Unisoc T615 chipset paired with 3GB of RAM handles calls, texts, and basic apps smoothly. A 13MP main camera captures decent everyday shots, and the 5000mAh battery ensures the phone easily lasts through a full day of use. Running Android 15 with a low deposit and affordable weekly installment, it's an excellent gateway device for first-time smartphone owners or anyone upgrading from a basic feature phone.","{""display"": ""6.67 inches, IPS LCD"", ""display_resolution"": ""720 x 1600 pixels"", ""processor"": ""Unisoc T615 (12nm), Octa-core"", ""operating_system"": ""Android 15"", ""rear_camera"": ""13MP + 0.08MP"", ""front_camera"": ""8MP"", ""battery"": ""5000mAh, 15W"", ""network"": ""4G LTE"", ""colors"": ""Startrail Black, Titanium Grey, Veil White, Turquoise Green""}"
TECNO SPARK 40,tecno-spark-40-8gb-256gb,Tecno,Phone,Smartphone,8GB,256GB,18400.0,3700.0,630.0,0,True,[],[],"The Tecno Spark 40 punches well above its price class, pairing a large 6.78-inch display with 8GB of RAM and a generous 256GB of storage, giving buyers plenty of room to grow into the device. The MediaTek Helio G81 chipset delivers smooth day-to-day performance for social media, streaming, and light gaming, while the 50MP main camera captures sharp, vibrant photos that rival more expensive phones. A 5200mAh battery with 45W fast charging means quick top-ups and long battery life, making this an easy sell for customers who want a capable, well-rounded smartphone without stretching their budget.","{""display"": ""6.78 inches, IPS LCD"", ""display_resolution"": ""720 x 1600 pixels"", ""processor"": ""MediaTek Helio G81 (12nm), Octa-core"", ""operating_system"": ""Android 15"", ""rear_camera"": ""50MP"", ""front_camera"": ""8MP"", ""battery"": ""5200mAh, 45W"", ""network"": ""4G LTE"", ""colors"": ""Black, Gray, White""}"
Tecno MegaPad SE,tecno-megapad-se-4gb-128gb,Tecno,Tablet,Tablet,4GB,128GB,21000.0,4200.0,735.0,0,True,[],[],"The Tecno MegaPad SE opens up a genuinely capable tablet experience for buyers who want more screen real estate for streaming, reading, and productivity. Its expansive 11-inch display is perfect for entertainment and multitasking, powered by a reliable Qualcomm Snapdragon 685 chipset with 4GB of RAM for smooth navigation between apps. An impressively large 8000mAh battery keeps the tablet running for extended binge-watching sessions or full workdays without needing a recharge, and with 128GB of storage, there's plenty of space for downloaded shows, documents, and apps. It's an excellent, affordable entry point into the tablet world for families, students, or professionals.","{""display"": ""11-inch, IPS LCD"", ""display_resolution"": ""1200 x 1920 pixels"", ""processor"": ""Qualcomm Snapdragon 685 (6nm), Octa-core"", ""operating_system"": ""Android 14"", ""rear_camera"": ""8MP"", ""front_camera"": ""5MP"", ""battery"": ""8000mAh, 18W"", ""network"": ""4G LTE"", ""colors"": ""Glacier Blue, Moonstone Gray, Green""}"
Tecno MegaPad SE,tecno-megapad-se-8gb-256gb,Tecno,Tablet,Tablet,8GB,256GB,25000.0,5000.0,840.0,0,True,[],[],"This higher-spec Tecno MegaPad SE variant steps up to 8GB of RAM and a spacious 256GB of storage, making it an ideal choice for buyers who want extra multitasking headroom and storage for downloaded media, apps, and files. It retains the same expansive 11-inch display and the massive 8000mAh battery that comfortably powers through a full day of streaming, browsing, or remote work. Whether it's for entertainment, study, or professional use, this tablet offers serious value and long-lasting performance, making it a compelling upgrade pick for customers who want more from their tablet experience.","{""display"": ""11-inch, IPS LCD"", ""display_resolution"": ""1200 x 1920 pixels"", ""processor"": ""Qualcomm Snapdragon 685 (6nm), Octa-core"", ""operating_system"": ""Android 14"", ""rear_camera"": ""8MP"", ""front_camera"": ""5MP"", ""battery"": ""8000mAh, 18W"", ""network"": ""4G LTE"", ""colors"": ""Glacier Blue, Moonstone Gray, Green""}"
TECNO Spark Slim,tecno-spark-slim-8gb-256gb,Tecno,Phone,Smartphone,8GB,256GB,30000.0,6000.0,1015.0,0,True,[],[],"The Tecno Spark Slim is designed to turn heads, combining a sleek, ultra-slim profile with a vivid 6.78-inch AMOLED display that makes colors pop and content come alive. Powered by the MediaTek Helio G200 chipset with 8GB of RAM, it handles everyday multitasking and casual gaming with ease, while the 50MP main camera and impressive 13MP front camera deliver sharp photos and selfies worth sharing. Despite its slim build, it houses a solid 5160mAh battery with 45W fast charging, so style doesn't come at the cost of battery life. For customers who care about how their phone looks as much as how it performs, this is an easy, confident recommendation.","{""display"": ""6.78 inches, AMOLED"", ""display_resolution"": ""1224 x 2720 pixels"", ""processor"": ""MediaTek Helio G200 (6nm), Octa-core"", ""operating_system"": ""Android 15, HiOS 15"", ""rear_camera"": ""50MP"", ""front_camera"": ""13MP"", ""battery"": ""5160mAh, 45W"", ""network"": ""4G LTE"", ""colors"": ""Slim White, Cool Black""}"
Tecno Camon 50 Ultra,tecno-camon-50-ultra-8gb-512gb,Tecno,Phone,Smartphone,8GB,512GB,63800.0,12800.0,2030.0,0,True,[],[],"The Tecno Camon 50 Ultra is a genuine camera flagship, built for buyers who take mobile photography seriously. Its triple rear camera system, headlined by a 50MP OIS main sensor alongside a 50MP 3x optical telephoto lens and an 8MP ultra-wide lens, delivers professional-grade versatility for portraits, landscapes, and zoomed-in shots, while the 50MP front camera ensures every selfie looks its best. The vivid 6.78-inch 1.5K AMOLED display and powerful MediaTek Dimensity 7400 Ultimate chipset with 8GB of RAM and 512GB of storage make this a true premium experience, and the 6500mAh battery with 45W fast charging keeps it powered through long days of shooting and sharing. This is the phone to recommend to content creators and photography enthusiasts who want the very best without stepping into ultra-premium pricing.","{""display"": ""6.78 inches, AMOLED"", ""display_resolution"": ""1216 x 2688 pixels (1.5K)"", ""processor"": ""MediaTek Dimensity 7400 Ultimate (4nm), Octa-core"", ""operating_system"": ""Android 15, HiOS 16"", ""rear_camera"": ""50MP OIS + 50MP telephoto (3x optical) + 8MP ultra-wide"", ""front_camera"": ""50MP"", ""battery"": ""6500mAh, 45W"", ""network"": ""4G LTE"", ""colors"": ""Orange, Black""}"
TECNO SPARK 40 PRO,tecno-spark-40-pro-8gb-256gb,Tecno,Phone,Smartphone,8GB,256GB,29500.0,5900.0,980.0,0,True,[],[],"The Tecno Spark 40 Pro delivers premium looks and dependable performance in one confident package. Its vibrant 6.78-inch AMOLED display makes photos, videos, and games genuinely pop, while the MediaTek Helio G100 Ultimate chipset with 8GB of RAM ensures smooth multitasking and responsive everyday use. A 50MP main camera and a strong 13MP front camera cover all the everyday photography needs of social media-savvy buyers, and the 5200mAh battery with 45W fast charging keeps pace with an active lifestyle. Backed by a choice of eye-catching colorways, it's an easy phone to sell to style-conscious customers who still want strong specs underneath.","{""display"": ""6.78 inches, AMOLED"", ""display_resolution"": ""1224 x 2720 pixels"", ""processor"": ""MediaTek Helio G100 Ultimate (6nm), Octa-core"", ""operating_system"": ""Android 15, HiOS 15.1"", ""rear_camera"": ""50MP"", ""front_camera"": ""13MP"", ""battery"": ""5200mAh, 45W"", ""network"": ""4G LTE"", ""colors"": ""Ink Black, Moon Titanium, Lake Blue, Bamboo Green""}"
TECNO CAMON 50,tecno-camon-50-8gb-256gb,Tecno,Phone,Smartphone,8GB,256GB,38000.0,7600.0,1260.0,0,True,[],[],"The Tecno Camon 50 sits at the sweet spot between style and substance, featuring a gorgeous 6.78-inch 1.5K AMOLED display and a dual rear camera with a 50MP OIS main sensor plus an ultra-wide lens for versatile, professional-looking shots. The MediaTek Helio G100 Ultimate chipset with 8GB of RAM keeps everything running smoothly, from social apps to light gaming, while a standout 32MP front camera makes it a favorite for selfie lovers. A substantial 6150mAh battery with 45W fast charging ensures long-lasting power, and with six striking color options, there's a look for every customer. This is a strong recommendation for buyers who want camera performance and a premium feel without paying flagship prices.","{""display"": ""6.78 inches, AMOLED"", ""display_resolution"": ""1216 x 2688 pixels (1.5K)"", ""processor"": ""MediaTek Helio G100 Ultimate, Octa-core"", ""operating_system"": ""Android 15, HiOS 16"", ""rear_camera"": ""50MP OIS + Ultra-wide"", ""front_camera"": ""32MP"", ""battery"": ""6150mAh, 45W"", ""network"": ""4G LTE"", ""colors"": ""Moonlight Black, Malachite Green, Nebula Titanium, Fir Green, Lavender Mist, Mint""}"
TECNO SPARK 50,tecno-spark-50-4gb-256gb,Tecno,Phone,Smartphone,4GB,256GB,22300.0,4500.0,770.0,0,True,[],[],"The Tecno Spark 50 is built around one standout promise: battery life that goes the distance. Its massive 6700mAh battery comfortably powers through even the heaviest usage days, making it ideal for customers who hate constantly reaching for a charger. The large 6.78-inch display is great for streaming and browsing, the MediaTek Helio G81 chipset keeps everyday apps running smoothly, and the 50MP main camera delivers sharp, reliable photos for everyday moments. Running the latest Android 16 with HiOS 16 and offered in five eye-catching colors, it's an easy, confident sell to anyone who prioritizes reliability and staying power above all else.","{""display"": ""6.78 inches, IPS LCD"", ""display_resolution"": ""720 x 1612 pixels"", ""processor"": ""MediaTek Helio G81 (12nm), Octa-core"", ""operating_system"": ""Android 16, HiOS 16"", ""rear_camera"": ""50MP"", ""front_camera"": ""8MP"", ""battery"": ""6700mAh, 18W"", ""network"": ""4G LTE"", ""colors"": ""Halo Blue, Titanium Grey, Ink Black, Aurora Purple, Bloom Pink""}"
TECNO POP 20,tecno-pop-20-4gb-64gb,Tecno,Phone,Smartphone,4GB,64GB,15500.0,1500.0,595.0,0,True,[],[],"The Tecno Pop 20 is a straightforward, dependable smartphone built for buyers who want simplicity without sacrificing quality. Its 6.75-inch display is comfortable for daily browsing and calls, the Unisoc T7250 chipset with 4GB of RAM keeps things running smoothly for everyday tasks, and the 5000mAh battery ensures the phone easily lasts a full day. Available in four fresh colorways and running Android 15, it's a genuinely appealing entry-level option for first-time buyers, students, or anyone who wants a fuss-free, budget-friendly device backed by an easy installment plan.","{""display"": ""6.75 inches, IPS LCD"", ""display_resolution"": ""720 x 1600 pixels"", ""processor"": ""Unisoc T7250, Octa-core"", ""operating_system"": ""Android 15"", ""rear_camera"": ""13MP"", ""front_camera"": ""8MP"", ""battery"": ""5000mAh, 15W"", ""network"": ""4G LTE"", ""colors"": ""Ink Black, Titanium Grey, Aurora Purple, Galaxy Blue""}"
TECNO POVA CURVE 2,tecno-pova-curve-2-12gb-256gb,Tecno,Phone,Smartphone,12GB,256GB,63900.0,9999.0,2100.0,0,True,[],[],"The Tecno Pova Curve 2 is a showstopper, built for buyers who want a genuine flagship experience without flagship pricing. Its eye-catching curved 6.78-inch 1.5K AMOLED display wraps content beautifully around the edges, while the MediaTek Dimensity 7100 chipset with a generous 12GB of RAM delivers smooth, lag-free performance for gaming, multitasking, and everything in between. An enormous 8000mAh battery with 45W fast charging means all-day and often multi-day use, a rarity even among premium phones, and full 5G connectivity future-proofs the investment. With its striking design and top-tier specs, this is the phone to recommend to customers who want to make a statement while still getting exceptional practical value.","{""display"": ""6.78 inches, Curved AMOLED"", ""display_resolution"": ""1216 x 2688 pixels (1.5K)"", ""processor"": ""MediaTek Dimensity 7100 (6nm), Octa-core"", ""operating_system"": ""Android 16, HiOS 16"", ""rear_camera"": ""50MP + 2MP"", ""front_camera"": ""13MP"", ""battery"": ""8000mAh, 45W"", ""network"": ""5G"", ""colors"": ""Melting Silver, Purple, Titanium""}"
TECNO SPARK 50,tecno-spark-50-4gb-128gb,Tecno,Phone,Smartphone,4GB,128GB,19900.0,2000.0,735.0,0,True,[],[],"This accessible Tecno Spark 50 variant offers the same headline feature that makes the series so popular: a massive 6700mAh battery that keeps the phone running through the longest of days. Paired with a large 6.78-inch display, the MediaTek Helio G81 chipset, and a 50MP main camera, it delivers dependable everyday performance and photography at an even more attainable price with 4GB of RAM and 128GB of storage. Running the latest Android 16 with HiOS 16 and available in five vibrant colors, it's a compelling choice for buyers who want maximum battery life on a lean weekly budget.","{""display"": ""6.78 inches, IPS LCD"", ""display_resolution"": ""720 x 1612 pixels"", ""processor"": ""MediaTek Helio G81 (12nm), Octa-core"", ""operating_system"": ""Android 16, HiOS 16"", ""rear_camera"": ""50MP"", ""front_camera"": ""8MP"", ""battery"": ""6700mAh, 18W"", ""network"": ""4G LTE"", ""colors"": ""Halo Blue, Titanium Grey, Ink Black, Aurora Purple, Bloom Pink""}"
TECNO Pop 20,tecno-pop-20-4gb-128gb,Tecno,Phone,Smartphone,4GB,128GB,17200.0,1800.0,630.0,0,True,[],[],"This Tecno Pop 20 variant offers a step up in storage to 128GB, giving buyers extra room for apps, photos, and downloads while keeping the same reliable 6.75-inch display, Unisoc T7250 chipset, and all-day 5000mAh battery. It's an excellent, budget-conscious choice for customers who want a bit more breathing room on their device without paying a premium, all wrapped up in a choice of four attractive colors and the latest Android 15 software.","{""display"": ""6.75 inches, IPS LCD"", ""display_resolution"": ""720 x 1600 pixels"", ""processor"": ""Unisoc T7250, Octa-core"", ""operating_system"": ""Android 15"", ""rear_camera"": ""13MP"", ""front_camera"": ""8MP"", ""battery"": ""5000mAh, 15W"", ""network"": ""4G LTE"", ""colors"": ""Ink Black, Titanium Grey, Aurora Purple, Galaxy Blue""}"
TECNO Camon 50 Pro,tecno-camon-50-pro-8gb-256gb,Tecno,Phone,Smartphone,8GB,256GB,44200.0,5000.0,1575.0,0,True,[],[],"The Tecno Camon 50 Pro is a camera powerhouse designed for buyers who refuse to compromise on photography. Its triple rear camera system features a 50MP Sony LYTIA OIS main sensor, a 50MP 3x optical telephoto lens, and an 8MP ultra-wide lens, giving photographers professional-grade flexibility for every shot, while the 32MP front camera ensures flawless selfies every time. The vivid 6.78-inch 1.5K AMOLED display and MediaTek Helio G200 Ultimate chipset with 8GB of RAM make for a genuinely premium daily experience, and the 6150mAh battery with 45W fast charging keeps up with heavy camera use throughout the day. Offered in six eye-catching finishes, this is the confident upsell for buyers who want the best camera phone in their price bracket.","{""display"": ""6.78 inches, AMOLED"", ""display_resolution"": ""1216 x 2688 pixels (1.5K)"", ""processor"": ""MediaTek Helio G200 Ultimate, Octa-core"", ""operating_system"": ""Android 15, HiOS 16"", ""rear_camera"": ""50MP Sony LYTIA OIS + 50MP telephoto (3x optical) + 8MP ultra-wide"", ""front_camera"": ""32MP"", ""battery"": ""6150mAh, 45W"", ""network"": ""4G LTE"", ""colors"": ""Moonlight Black, Nebula Titanium, Malachite Green, Fir Green, Lavender Mist, Ethereal Blue""}"
VILLAON HYPER 100,villaon-hyper-100-6gb-128gb,Villaon,Phone,Smartphone,6GB,128GB,11500.0,2300.0,420.0,0,True,"[""https://res.cloudinary.com/el6nseiu/image/upload/v1785758975/Villaon_Hyper_100_yn6lrg.avif""]","[""Villaon_Hyper_100_yn6lrg""]","The Villaon Hyper 100 delivers real value for budget-conscious buyers who still want a smooth, modern smartphone experience. Its 6.75-inch display makes everyday browsing and video calls comfortable, while the Unisoc T7250 chipset and 6GB of RAM keep multitasking snappy for a phone in this price range. A 13MP Super HDR rear camera captures clearer, more vibrant photos than typical entry-level cameras, and the 5000mAh battery comfortably powers through a full day. Running Android 15 with a low deposit and weekly installment, it's an easy, confident recommendation for first-time buyers who want genuine performance without the premium price tag.","{""display"": ""6.75 inches, IPS LCD"", ""display_resolution"": ""720 x 1600 pixels"", ""processor"": ""Unisoc T7250 (12nm), Octa-core"", ""operating_system"": ""Android 15"", ""rear_camera"": ""13MP Super HDR"", ""front_camera"": ""5MP"", ""battery"": ""5000mAh, 18W"", ""network"": ""4G LTE"", ""colors"": ""Polar Black""}"
VILLAON V50S,villaon-v50s-4gb-64gb,Villaon,Phone,Smartphone,4GB,64GB,11800.0,2400.0,420.0,0,True,"[""https://res.cloudinary.com/el6nseiu/image/upload/v1785758972/Villaon_V50S_laoj76.avif""]","[""Villaon_V50S_laoj76""]","The Villaon V50S is a compact, no-nonsense smartphone built for buyers who want the essentials done right at the lowest possible cost. Its 6.52-inch display keeps the phone comfortably pocketable, while the Unisoc T7100 chipset and 4GB of RAM handle calls, messaging, and light browsing without fuss. With Android 14 Go Edition optimized specifically for entry-level hardware, the phone stays responsive even with its modest specs, and the compact 4000mAh battery is well-matched to its efficient software. This is a smart, affordable pick for customers who need a genuinely reliable first or backup smartphone.","{""display"": ""6.52 inches, IPS LCD"", ""display_resolution"": ""720 x 1600 pixels"", ""processor"": ""Unisoc T7100, Octa-core"", ""operating_system"": ""Android 14, Go Edition"", ""rear_camera"": ""8MP"", ""front_camera"": ""5MP"", ""battery"": ""4000mAh"", ""network"": ""4G LTE"", ""colors"": ""Black, Blue""}"
VILLAON HYPER,villaon-hyper-4gb-64gb,Villaon,Phone,Smartphone,4GB,64GB,12000.0,2400.0,455.0,0,True,"[""https://res.cloudinary.com/el6nseiu/image/upload/v1785758975/Villaon_Hyper_100_yn6lrg.avif""]","[""Villaon_Hyper_100_yn6lrg""]","The Villaon Hyper is a dependable, budget-friendly smartphone that punches above its price point. Its 6.75-inch display and Unisoc T7250 chipset with 4GB of RAM deliver a smooth, responsive experience for everyday browsing, messaging, and social media, while the 13MP Super HDR camera captures noticeably sharper photos than most phones in its class. A solid 5000mAh battery keeps it running comfortably through a full day, and running Android 15 ensures buyers get current, up-to-date software. With its low deposit and affordable weekly installment, this is a genuinely compelling entry point into smartphone ownership.","{""display"": ""6.75 inches, IPS LCD"", ""display_resolution"": ""720 x 1600 pixels"", ""processor"": ""Unisoc T7250 (12nm), Octa-core"", ""operating_system"": ""Android 15"", ""rear_camera"": ""13MP Super HDR"", ""front_camera"": ""5MP"", ""battery"": ""5000mAh, 18W"", ""network"": ""4G LTE"", ""colors"": ""Polar Black""}"
VIVO Y19S,vivo-y19s-4gb-128gb,Vivo,Phone,Smartphone,4GB,128GB,20000.0,4000.0,700.0,0,True,[],[],"The Vivo Y19S is an easy, dependable choice for buyers who want a trusted brand at an accessible price. Its 6.68-inch display makes everyday tasks comfortable, while the Unisoc Tiger T612 chipset and 4GB of RAM deliver smooth performance for calls, messaging, and social media. A 50MP main camera is a genuine standout at this price point, capturing sharp, vibrant photos that outperform typical budget cameras, and the substantial 5500mAh battery ensures long-lasting power throughout the day. Running Vivo's polished Funtouch software on Android 14, it's a confident recommendation for customers who want reliable everyday performance from a well-known brand.","{""display"": ""6.68 inches, IPS LCD"", ""display_resolution"": ""720 x 1608 pixels"", ""processor"": ""Unisoc Tiger T612 (12nm), Octa-core"", ""operating_system"": ""Android 14, Funtouch 14"", ""rear_camera"": ""50MP"", ""front_camera"": ""5MP"", ""battery"": ""5500mAh, 15W"", ""network"": ""4G LTE"", ""colors"": ""Pearl Silver, Glossy Black, Glacier Blue""}"
VIVO Y19S,vivo-y19s-6gb-128gb,Vivo,Phone,Smartphone,6GB,128GB,22000.0,4400.0,735.0,0,True,[],[],"This Vivo Y19S variant offers a step up to 6GB of RAM, giving buyers smoother multitasking and app switching while keeping the same impressive 50MP main camera, 6.68-inch display, and long-lasting 5500mAh battery. It's an excellent choice for customers who use their phone more heavily throughout the day, whether for social media, messaging, or streaming, and still want the trusted reliability of the Vivo brand at an accessible price.","{""display"": ""6.68 inches, IPS LCD"", ""display_resolution"": ""720 x 1608 pixels"", ""processor"": ""Unisoc Tiger T612 (12nm), Octa-core"", ""operating_system"": ""Android 14, Funtouch 14"", ""rear_camera"": ""50MP"", ""front_camera"": ""5MP"", ""battery"": ""5500mAh, 15W"", ""network"": ""4G LTE"", ""colors"": ""Pearl Silver, Glossy Black, Glacier Blue""}"
VIVO Y29,vivo-y29-8gb-128gb,Vivo,Phone,Smartphone,8GB,128GB,25500.0,5100.0,875.0,0,True,[],[],"The Vivo Y29 offers a genuine step up in everyday performance, powered by the efficient Qualcomm Snapdragon 685 chipset with 8GB of RAM for smooth multitasking, gaming, and app switching. Its 6.68-inch display is comfortable for extended use, the dual 50MP+2MP rear camera captures detailed, well-balanced photos, and the generous 6500mAh battery with 44W fast charging ensures the phone easily lasts a full day and charges back up quickly. Running the latest Funtouch 15 on Android 15, this is a strong, confident recommendation for buyers who want dependable mid-range performance from a trusted name.","{""display"": ""6.68 inches, IPS LCD"", ""display_resolution"": ""720 x 1612 pixels"", ""processor"": ""Qualcomm Snapdragon 685 (6nm), Octa-core"", ""operating_system"": ""Android 15, Funtouch 15"", ""rear_camera"": ""50MP + 2MP"", ""front_camera"": ""8MP"", ""battery"": ""6500mAh, 44W"", ""network"": ""4G LTE"", ""colors"": ""Noble Brown, Elegant White""}"
VIVO V60,vivo-v60-12gb-512gb,Vivo,Phone,Smartphone,12GB,512GB,70000.0,14000.0,2240.0,0,True,[],[],"The Vivo V60 is a genuine premium flagship experience, built for buyers who want the very best. Its stunning 6.77-inch AMOLED display is paired with a powerful Qualcomm Snapdragon 7 Gen 4 chipset and a generous 12GB of RAM, delivering flagship-level speed for gaming, multitasking, and everything in between. The triple rear camera system, including a 50MP OIS main lens and a 50MP 3x optical telephoto lens, captures stunning detail at any distance, while the 50MP front camera ensures every selfie is picture-perfect. A massive 6500mAh battery with blazing-fast 90W charging keeps the phone powered through the most demanding days, and with 512GB of storage and full 5G connectivity, this is a true no-compromise device. For customers ready to invest in a top-tier smartphone on manageable weekly installments, this is the clear premium choice.","{""display"": ""6.77 inches, AMOLED"", ""display_resolution"": ""1260 x 2800 pixels"", ""processor"": ""Qualcomm Snapdragon 7 Gen 4 (4nm), Octa-core"", ""operating_system"": ""Android 15, Funtouch 15"", ""rear_camera"": ""50MP OIS + 50MP telephoto (3x optical) + 8MP ultra-wide"", ""front_camera"": ""50MP"", ""battery"": ""6500mAh, 90W"", ""network"": ""5G"", ""colors"": ""Mist Grey, Moonlit Blue, Ocean Blue, Auspicious Gold, Berry Purple""}"
VIVO Y03,vivo-y03-4gb-128gb,Vivo,Phone,Smartphone,4GB,128GB,14640.0,2400.0,560.0,0,True,[],[],"The Vivo Y03 is a smart, no-frills entry point into the Vivo ecosystem, ideal for buyers who want dependable performance at a genuinely low price. Its 6.56-inch display is comfortable for everyday use, the MediaTek Helio G85 chipset with 4GB of RAM handles calls, messaging, and social media smoothly, and the dual rear camera captures decent everyday photos. A solid 5000mAh battery keeps the phone running through a full day of typical use, and running Android 14 with Funtouch software, it delivers a clean, modern experience. With its low deposit and affordable weekly installment, this is an easy sell for first-time buyers or anyone needing a reliable secondary device.","{""display"": ""6.56 inches, IPS LCD"", ""display_resolution"": ""720 x 1612 pixels"", ""processor"": ""MediaTek Helio G85 (12nm), Octa-core"", ""operating_system"": ""Android 14, Funtouch 14"", ""rear_camera"": ""13MP + 0.08MP"", ""front_camera"": ""5MP"", ""battery"": ""5000mAh, 15W"", ""network"": ""4G LTE"", ""colors"": ""Space Black, Gem Green""}"
VIVO Y28,vivo-y28-8gb-256gb,Vivo,Phone,Smartphone,8GB,256GB,26450.0,4200.0,910.0,0,True,[],[],"The Vivo Y28 is a well-rounded mid-ranger built for buyers who want more than the basics without stepping up to flagship pricing. Its 6.68-inch 90Hz display makes scrolling and streaming feel noticeably smoother than typical entry-level phones, while the MediaTek Helio G85 chipset with a generous 8GB of RAM and 256GB of storage handles everyday multitasking with ease. The 50MP+2MP dual rear camera captures sharp, detailed photos for social sharing, and a substantial 6000mAh battery keeps it running through even the busiest days. With flexible 4G/5G connectivity depending on variant and eye-catching colorways, this is a confident recommendation for customers who want strong everyday performance and generous storage in one package.","{""display"": ""6.68-inch IPS LCD, 90Hz"", ""display_resolution"": ""720 x 1608 pixels (HD+)"", ""processor"": ""MediaTek Helio G85 (12nm) Octa-core"", ""operating_system"": ""Android 14, Funtouch OS 13/14"", ""rear_camera"": ""50MP + 2MP"", ""front_camera"": ""8MP"", ""battery"": ""6000mAh, 15W wired charging"", ""network"": ""4G LTE / 5G (variant dependent), Dual SIM"", ""colors"": ""Crystal Purple, Glitter Aqua""}"
VIVO Y28,vivo-y28-8gb-128gb,Vivo,Phone,Smartphone,8GB,128GB,23900.0,3800.0,840.0,0,True,[],[],"This Vivo Y28 variant keeps the same smooth 6.68-inch 90Hz display, MediaTek Helio G85 chipset, and dependable 50MP+2MP camera, offering 128GB of storage at a more accessible price point with 8GB of RAM still on board for smooth multitasking. A 6000mAh battery ensures long-lasting power throughout the day, making this a smart, budget-friendly pick for buyers who want solid performance without paying for the extra storage headroom.","{""display"": ""6.68-inch IPS LCD, 90Hz"", ""display_resolution"": ""720 x 1608 pixels (HD+)"", ""processor"": ""MediaTek Helio G85 (12nm) Octa-core"", ""operating_system"": ""Android 14, Funtouch OS 13/14"", ""rear_camera"": ""50MP + 2MP"", ""front_camera"": ""8MP"", ""battery"": ""6000mAh, 15W wired charging"", ""network"": ""4G LTE / 5G (variant dependent), Dual SIM"", ""colors"": ""Crystal Purple, Glitter Aqua""}"
VIVO V50,vivo-v50-12gb-512gb,Vivo,Phone,Smartphone,12GB,512GB,67400.0,10500.0,2240.0,0,True,[],[],"The Vivo V50 is a premium showcase phone, built to impress buyers who want striking design paired with serious performance. Its 6.77-inch quad-curved AMOLED display at 120Hz delivers an immersive, edge-to-edge viewing experience, while the Qualcomm Snapdragon 7 Gen 3 chipset with 12GB of RAM and 512GB of storage ensures flagship-level speed for gaming, multitasking, and heavy app use. The dual 50MP camera system, co-engineered with ZEISS optics, captures professional-grade photos with true-to-life color and detail, and the 6000mAh battery with 90W fast charging keeps the phone powered through the busiest days. This is a top-tier recommendation for style-conscious buyers who want the best camera and display experience on the market, backed by an achievable weekly installment.","{""display"": ""6.77-inch Quad-curved AMOLED, 120Hz"", ""display_resolution"": ""1080 x 2392 pixels"", ""processor"": ""Qualcomm Snapdragon 7 Gen 3 (4nm) Octa-core"", ""operating_system"": ""Android 15, Funtouch OS 15"", ""rear_camera"": ""50MP (OIS) + 50MP ultrawide (ZEISS optics)"", ""front_camera"": ""50MP"", ""battery"": ""6000mAh, 90W wired charging"", ""network"": ""5G, Dual SIM"", ""colors"": ""Rose Red, Titanium Grey, Starry Night""}"
VIVO INVENTORY,vivo-inventory-12gb-256gb,Vivo,Phone,Smartphone,12GB,256GB,42850.0,6700.0,1435.0,0,True,[],[],"This Vivo device comes configured with 12GB of RAM and 256GB of storage, offering strong multitasking headroom and ample space for apps, photos, and media. Full display, camera, and battery specifications will be added once confirmed, but the generous memory and storage already make it a compelling choice for buyers who want serious performance under the hood.",{}
VIVO V50Lite,vivo-v50lite-8gb-256gb,Vivo,Phone,Smartphone,8GB,256GB,37500.0,5900.0,1295.0,0,True,[],[],"The Vivo V50 Lite brings much of the flagship V-series experience down to a more accessible price point. Its 6.77-inch AMOLED display at 120Hz delivers vivid, fluid visuals for streaming and gaming, while the MediaTek Dimensity 6300 chipset with 8GB of RAM and 256GB of storage handles everyday tasks and multitasking smoothly. A 50MP main camera paired with an 8MP ultrawide lens gives buyers real photographic versatility, and the standout 32MP front camera is a genuine selfie powerhouse. Backed by a massive 6500mAh battery with 90W fast charging and full 5G connectivity, this is an excellent recommendation for customers who want premium features without premium pricing.","{""display"": ""6.77-inch AMOLED, 120Hz"", ""display_resolution"": ""1080 x 2392 pixels"", ""processor"": ""MediaTek Dimensity 6300 (6nm) Octa-core"", ""operating_system"": ""Android 15, Funtouch OS 15"", ""rear_camera"": ""50MP + 8MP ultrawide"", ""front_camera"": ""32MP"", ""battery"": ""6500mAh, 90W wired charging"", ""network"": ""5G, Dual SIM"", ""colors"": ""Phantom Black, Titanium Gold, Fantasy Purple, Silk Green""}"
VIVO V50LITE,vivo-v50lite-12gb-256gb,Vivo,Phone,Smartphone,12GB,256GB,46300.0,7200.0,1540.0,0,True,[],[],"This higher-spec Vivo V50 Lite variant steps up to 12GB of RAM, delivering even smoother multitasking and app switching while keeping the same gorgeous 6.77-inch AMOLED display, 50MP+8MP camera setup, and standout 32MP selfie camera. The 6500mAh battery with 90W fast charging and full 5G support round out a genuinely premium package, making this the ideal upsell for buyers who want extra performance headroom from their mid-range flagship.","{""display"": ""6.77-inch AMOLED, 120Hz"", ""display_resolution"": ""1080 x 2392 pixels"", ""processor"": ""MediaTek Dimensity 6300 (6nm) Octa-core"", ""operating_system"": ""Android 15, Funtouch OS 15"", ""rear_camera"": ""50MP + 8MP ultrawide"", ""front_camera"": ""32MP"", ""battery"": ""6500mAh, 90W wired charging"", ""network"": ""5G, Dual SIM"", ""colors"": ""Phantom Black, Titanium Gold, Fantasy Purple, Silk Green""}"
VIVO V70FE,vivo-v70fe-8gb-256gb,Vivo,Phone,Smartphone,8GB,256GB,57650.0,9000.0,1925.0,0,True,[],[],"The Vivo V70 FE is built to turn heads with genuinely flagship-grade photography at a mid-range price. Its expansive 6.83-inch AMOLED display with HDR10+ delivers stunning contrast and color for streaming and gaming, while the MediaTek Dimensity 7360 Turbo chipset with 8GB of RAM keeps performance sharp and responsive. The headline feature is a massive 200MP OIS-stabilized main camera that captures extraordinary detail, paired with an 8MP ultrawide lens and a 32MP front camera for stunning selfies. A huge 7000mAh battery with 90W fast charging ensures the phone easily lasts a full day of heavy use, running the latest Android 16 with OriginOS 6. This is a compelling recommendation for photography enthusiasts who want the best camera resolution available in this price bracket.","{""display"": ""6.83-inch AMOLED, 120Hz, HDR10+"", ""display_resolution"": ""1260 x 2800 pixels"", ""processor"": ""MediaTek Dimensity 7360 Turbo (4nm) Octa-core"", ""operating_system"": ""Android 16, OriginOS 6"", ""rear_camera"": ""200MP (OIS) + 8MP ultrawide"", ""front_camera"": ""32MP"", ""battery"": ""7000mAh, 90W wired charging"", ""network"": ""5G, Dual SIM"", ""colors"": ""Ocean Blue, Muse Purple, Titanium Silver""}"
VIVO Y29,vivo-y29-8gb-256gb,Vivo,Phone,Smartphone,8GB,256GB,27370.0,4300.0,945.0,0,True,[],[],"This Vivo Y29 configuration steps up to 256GB of storage, giving buyers extra room for apps, photos, and downloads while keeping the same 6.68-inch 120Hz display, MediaTek Dimensity 6300 chipset with 8GB of RAM, and dependable 50MP main camera. The 5500mAh battery with 44W fast charging and full 5G connectivity make it an excellent, well-rounded recommendation for customers who want more storage without stepping up to a higher price tier.","{""display"": ""6.68-inch IPS LCD, 120Hz"", ""display_resolution"": ""720 x 1608 pixels (HD+)"", ""processor"": ""MediaTek Dimensity 6300 (6nm) Octa-core"", ""operating_system"": ""Android 14/15, Funtouch OS"", ""rear_camera"": ""50MP + 0.08MP"", ""front_camera"": ""8MP"", ""battery"": ""5500mAh, 44W wired charging"", ""network"": ""5G, Dual SIM"", ""colors"": ""Glacier Blue, Diamond Black, Titanium Gold""}"
VIVO V70FE,vivo-v70fe-8gb-512gb,Vivo,Phone,Smartphone,8GB,512GB,67400.0,10500.0,2240.0,0,True,[],[],"This top-spec Vivo V70 FE variant pairs the same show-stopping 200MP OIS main camera, 6.83-inch HDR10+ AMOLED display, and MediaTek Dimensity 7360 Turbo chipset with a generous 512GB of storage, giving photography-focused buyers all the space they need for high-resolution shots and 4K video. The 7000mAh battery with 90W fast charging keeps the phone running through the most demanding days, making this the ultimate recommendation for customers who want maximum storage alongside flagship-grade photography.","{""display"": ""6.83-inch AMOLED, 120Hz, HDR10+"", ""display_resolution"": ""1260 x 2800 pixels"", ""processor"": ""MediaTek Dimensity 7360 Turbo (4nm) Octa-core"", ""operating_system"": ""Android 16, OriginOS 6"", ""rear_camera"": ""200MP (OIS) + 8MP ultrawide"", ""front_camera"": ""32MP"", ""battery"": ""7000mAh, 90W wired charging"", ""network"": ""5G, Dual SIM"", ""colors"": ""Ocean Blue, Muse Purple, Titanium Silver""}"
VIVO V70,vivo-v70-12gb-512gb,Vivo,Phone,Smartphone,12GB,512GB,83800.0,13100.0,2765.0,0,True,[],[],"The Vivo V70 is a premium flagship contender designed for buyers who demand the very best in photography and performance. Its 6.59-inch AMOLED display with HDR10+ at 120Hz delivers vibrant, immersive visuals, while the Qualcomm Snapdragon 7 Gen 4 chipset with 12GB of RAM and 512GB of storage ensures effortless multitasking and top-tier speed. A true triple camera system, headlined by dual OIS-stabilized 50MP main and telephoto lenses plus an 8MP ultrawide, gives photographers professional-grade versatility at any distance, while the 50MP front camera guarantees flawless selfies. A 6500mAh battery with 90W fast charging keeps the phone powered through the busiest schedules, making this the clear premium pick for customers who want zero compromises, backed by an achievable weekly installment.","{""display"": ""6.59-inch AMOLED, 120Hz, HDR10+"", ""display_resolution"": ""1260 x 2750 pixels"", ""processor"": ""Qualcomm Snapdragon 7 Gen 4 (4nm) Octa-core"", ""operating_system"": ""Android 16, OriginOS 6"", ""rear_camera"": ""50MP (OIS) + 8MP ultrawide + 50MP telephoto (OIS)"", ""front_camera"": ""50MP"", ""battery"": ""6500mAh, 90W wired charging"", ""network"": ""5G, Dual SIM"", ""colors"": ""Passion Red, Lemon Yellow, Alpine Grey""}"
VIVO V60LITE,vivo-v60lite-8gb-256gb,Vivo,Phone,Smartphone,8GB,256GB,35100.0,5500.0,1190.0,0,True,[],[],"The Vivo V60 Lite delivers a big slice of the flagship V-series experience at a genuinely accessible price. Its 6.77-inch AMOLED display with HDR10+ at 120Hz makes everything from streaming to gaming look stunning, while the MediaTek Dimensity 7360 chipset with 8GB of RAM and 256GB of storage keeps performance smooth and responsive. A 50MP OIS-stabilized main camera paired with an 8MP ultrawide lens delivers sharp, versatile photography, and the 32MP front camera is a standout for selfie lovers. A 6500mAh battery with 90W fast charging and full 5G connectivity round out an outstanding value proposition, making this an easy, confident recommendation for buyers who want premium features without the premium price.","{""display"": ""6.77-inch AMOLED, 120Hz, HDR10+"", ""display_resolution"": ""1080 x 2392 pixels"", ""processor"": ""MediaTek Dimensity 7360 (4nm) Octa-core"", ""operating_system"": ""Android 15, Funtouch OS 15"", ""rear_camera"": ""50MP (OIS) + 8MP ultrawide"", ""front_camera"": ""32MP"", ""battery"": ""6500mAh, 90W wired charging"", ""network"": ""5G, Dual SIM"", ""colors"": ""Phantom Black, Titanium Gold, Fantasy Purple""}"
VIVO V60LITE,vivo-v60lite-12gb-256gb,Vivo,Phone,Smartphone,12GB,256GB,42850.0,6700.0,1435.0,0,True,[],[],"This higher-spec Vivo V60 Lite variant offers 12GB of RAM for even smoother multitasking, alongside the same stunning 6.77-inch AMOLED HDR10+ display, OIS-stabilized 50MP main camera, and standout 32MP selfie camera. Backed by a 6500mAh battery with 90W fast charging and full 5G support, this configuration is ideal for buyers who want extra performance headroom from their premium mid-ranger.","{""display"": ""6.77-inch AMOLED, 120Hz, HDR10+"", ""display_resolution"": ""1080 x 2392 pixels"", ""processor"": ""MediaTek Dimensity 7360 (4nm) Octa-core"", ""operating_system"": ""Android 15, Funtouch OS 15"", ""rear_camera"": ""50MP (OIS) + 8MP ultrawide"", ""front_camera"": ""32MP"", ""battery"": ""6500mAh, 90W wired charging"", ""network"": ""5G, Dual SIM"", ""colors"": ""Phantom Black, Titanium Gold, Fantasy Purple""}"
VIVO V60,vivo-v60-12gb-256gb,Vivo,Phone,Smartphone,12GB,256GB,62100.0,9700.0,2065.0,0,True,[],[],"This Vivo V60 configuration delivers the full flagship experience with 12GB of RAM and 256GB of storage, powered by the Qualcomm Snapdragon 7 Gen 4 chipset for effortless speed across gaming, multitasking, and everyday use. The stunning 6.77-inch AMOLED display with HDR10+ at 120Hz makes every piece of content look its best, while the ZEISS-engineered dual 50MP rear camera and 50MP front camera guarantee stunning photos and selfies alike. A 6500mAh battery with 90W fast charging and full 5G connectivity complete a genuinely premium package, making this a strong, confident recommendation for customers ready to invest in a top-tier smartphone.","{""display"": ""6.77-inch AMOLED, 120Hz, HDR10+"", ""display_resolution"": ""1080 x 2392 pixels"", ""processor"": ""Qualcomm Snapdragon 7 Gen 4 (4nm) Octa-core"", ""operating_system"": ""Android 15, Funtouch OS 15"", ""rear_camera"": ""50MP (OIS, ZEISS optics) + 50MP"", ""front_camera"": ""50MP"", ""battery"": ""6500mAh, 90W wired charging"", ""network"": ""5G, Dual SIM"", ""colors"": ""Titanium Grey, Noble Black (colors vary by market)""}"
VIVO Y21d,vivo-y21d-6gb-256gb,Vivo,Phone,Smartphone,6GB,256GB,25200.0,4000.0,875.0,0,True,[],[],"The Vivo Y21d is built for buyers who want strong everyday performance and standout battery life at an accessible price. Its 6.68-inch 90Hz display is comfortable for daily browsing, the Unisoc T7225 chipset with 6GB of RAM and 256GB of storage delivers smooth multitasking, and the 50MP main camera captures sharp, reliable photos. What really sets it apart is a massive 6500mAh battery with 44W fast charging, giving buyers exceptional endurance rarely found at this price point. Running the latest Android 15 with Funtouch OS, this is an easy, confident recommendation for customers who prioritize battery life above all else.","{""display"": ""6.68-inch IPS LCD, 90Hz"", ""display_resolution"": ""720 x 1608 pixels (HD+)"", ""processor"": ""Unisoc T7225 (12nm) Octa-core"", ""operating_system"": ""Android 15, Funtouch OS 15"", ""rear_camera"": ""50MP + 0.08MP"", ""front_camera"": ""5MP"", ""battery"": ""6500mAh, 44W wired charging"", ""network"": ""4G LTE, Dual SIM"", ""colors"": ""Coral Red, Jade Green""}"
VIVO Y03,vivo-y03-4gb-64gb,Vivo,Phone,Smartphone,4GB,64GB,12900.0,2600.0,455.0,0,True,[],[],"This entry-level Vivo Y03 variant offers a genuinely accessible way into the Vivo ecosystem, pairing the comfortable 6.56-inch 90Hz display and MediaTek Helio G85 chipset with 4GB of RAM and 64GB of storage. The dual rear camera captures decent everyday photos, and the 5000mAh battery keeps the phone running comfortably through a full day. With its low deposit and affordable weekly installment, it's an easy sell for first-time buyers or anyone who wants a trusted, no-fuss smartphone on a tight budget.","{""display"": ""6.56-inch IPS LCD, 90Hz"", ""display_resolution"": ""720 x 1612 pixels (HD+)"", ""processor"": ""MediaTek Helio G85 (12nm) Octa-core"", ""operating_system"": ""Android 14, Funtouch OS 14"", ""rear_camera"": ""13MP + 0.08MP"", ""front_camera"": ""5MP"", ""battery"": ""5000mAh, 15W wired charging"", ""network"": ""4G LTE, Dual SIM"", ""colors"": ""Space Black, Gem Green""}"
VIVO Y21d,vivo-y21d-4gb-128gb,Vivo,Phone,Smartphone,4GB,128GB,21300.0,3400.0,735.0,0,True,[],[],"This Vivo Y21d variant offers a more accessible entry point with 4GB of RAM and 128GB of storage, while keeping the same standout 6500mAh battery with 44W fast charging and the sharp 50MP main camera. The 6.68-inch 90Hz display and Unisoc T7225 chipset deliver smooth everyday performance, making this an excellent recommendation for budget-conscious buyers who still want exceptional battery life and a reliable camera.","{""display"": ""6.68-inch IPS LCD, 90Hz"", ""display_resolution"": ""720 x 1608 pixels (HD+)"", ""processor"": ""Unisoc T7225 (12nm) Octa-core"", ""operating_system"": ""Android 15, Funtouch OS 15"", ""rear_camera"": ""50MP + 0.08MP"", ""front_camera"": ""5MP"", ""battery"": ""6500mAh, 44W wired charging"", ""network"": ""4G LTE, Dual SIM"", ""colors"": ""Coral Red, Jade Green""}"
VIVO Y21d,vivo-y21d-6gb-128gb,Vivo,Phone,Smartphone,6GB,128GB,22800.0,3600.0,805.0,0,True,[],[],"This Vivo Y21d configuration steps up to 6GB of RAM alongside 128GB of storage, delivering smoother multitasking while retaining the standout 6500mAh battery with 44W fast charging and the capable 50MP main camera. Combined with the comfortable 6.68-inch 90Hz display, this is a well-balanced, confident recommendation for buyers who want a bit more performance headroom without sacrificing the exceptional battery life the Y21d is known for.","{""display"": ""6.68-inch IPS LCD, 90Hz"", ""display_resolution"": ""720 x 1608 pixels (HD+)"", ""processor"": ""Unisoc T7225 (12nm) Octa-core"", ""operating_system"": ""Android 15, Funtouch OS 15"", ""rear_camera"": ""50MP + 0.08MP"", ""front_camera"": ""5MP"", ""battery"": ""6500mAh, 44W wired charging"", ""network"": ""4G LTE, Dual SIM"", ""colors"": ""Coral Red, Jade Green""}"
VIVO Y31d,vivo-y31d-6gb-128gb,Vivo,Phone,Smartphone,6GB,128GB,30600.0,4800.0,1085.0,0,True,[],[],"The Vivo Y31d is a genuine standout for battery life, built around a massive 7200mAh silicon-carbon battery with 44W fast charging that comfortably powers through even the most demanding days, a rarity in its price class. Its 6.75-inch 120Hz display makes everyday browsing and streaming feel fluid, the Qualcomm Snapdragon 6s 4G Gen 2 chipset with 6GB of RAM handles multitasking smoothly, and the 50MP+2MP dual camera delivers sharp, dependable photos. Running the latest Android 16 with OriginOS 6, this is an easy, confident recommendation for customers who never want to worry about running out of power.","{""display"": ""6.75-inch IPS LCD, 120Hz"", ""display_resolution"": ""720 x 1570 pixels (HD+)"", ""processor"": ""Qualcomm Snapdragon 6s 4G Gen 2 (6nm) Octa-core"", ""operating_system"": ""Android 16, OriginOS 6"", ""rear_camera"": ""50MP + 2MP"", ""front_camera"": ""8MP"", ""battery"": ""7200mAh (Si/C), 44W wired charging"", ""network"": ""4G LTE, Dual SIM"", ""colors"": ""Glow White, Starlight Grey / Festive Red""}"
VIVO Y31d,vivo-y31d-6gb-256gb,Vivo,Phone,Smartphone,6GB,256GB,35650.0,5600.0,1260.0,0,True,[],[],"This higher-storage Vivo Y31d variant retains the standout 7200mAh silicon-carbon battery with 44W fast charging and the smooth 6.75-inch 120Hz display, now paired with a spacious 256GB of storage for buyers who need more room for apps, photos, and media. The 50MP+2MP camera and Snapdragon 6s 4G Gen 2 chipset round out a genuinely well-equipped package, making this a strong recommendation for customers who want maximum battery life and storage in one device.","{""display"": ""6.75-inch IPS LCD, 120Hz"", ""display_resolution"": ""720 x 1570 pixels (HD+)"", ""processor"": ""Qualcomm Snapdragon 6s 4G Gen 2 (6nm) Octa-core"", ""operating_system"": ""Android 16, OriginOS 6"", ""rear_camera"": ""50MP + 2MP"", ""front_camera"": ""8MP"", ""battery"": ""7200mAh (Si/C), 44W wired charging"", ""network"": ""4G LTE, Dual SIM"", ""colors"": ""Glow White, Starlight Grey / Festive Red""}"
VIVO V70,vivo-v70-8gb-256gb,Vivo,Phone,Smartphone,8GB,256GB,75500.0,11800.0,2555.0,0,True,[],[],"This 5G-enabled Vivo V70 variant delivers the full flagship experience with 8GB of RAM and 256GB of storage, powered by the Qualcomm Snapdragon 7 Gen 4 chipset for smooth, responsive performance across gaming and multitasking. The vivid 6.59-inch AMOLED HDR10+ display and true triple camera system, featuring dual OIS-stabilized 50MP main and telephoto lenses plus an 8MP ultrawide, deliver professional-grade photography at every distance. A 6500mAh battery with 90W fast charging and full 5G connectivity make this a compelling, future-proof choice for buyers who want premium performance and photography without compromise.","{""display"": ""6.59-inch AMOLED, 120Hz, HDR10+"", ""display_resolution"": ""1260 x 2750 pixels"", ""processor"": ""Qualcomm Snapdragon 7 Gen 4 (4nm) Octa-core"", ""operating_system"": ""Android 16, OriginOS 6"", ""rear_camera"": ""50MP (OIS) + 8MP ultrawide + 50MP telephoto (OIS)"", ""front_camera"": ""50MP"", ""battery"": ""6500mAh, 90W wired charging"", ""network"": ""5G, Dual SIM"", ""colors"": ""Passion Red, Lemon Yellow, Alpine Grey""}"
VIVO Y31d,vivo-y31d-4gb-128gb,Vivo,Phone,Smartphone,4GB,128GB,28550.0,4500.0,1015.0,0,True,[],[],"This accessible Vivo Y31d variant offers 4GB of RAM and 128GB of storage while retaining the standout 7200mAh silicon-carbon battery with 44W fast charging that defines the series. The 6.75-inch 120Hz display and 50MP+2MP camera deliver smooth, dependable everyday performance, making this an excellent entry point for budget-conscious buyers who still want exceptional battery life.","{""display"": ""6.75-inch IPS LCD, 120Hz"", ""display_resolution"": ""720 x 1570 pixels (HD+)"", ""processor"": ""Qualcomm Snapdragon 6s 4G Gen 2 (6nm) Octa-core"", ""operating_system"": ""Android 16, OriginOS 6"", ""rear_camera"": ""50MP + 2MP"", ""front_camera"": ""8MP"", ""battery"": ""7200mAh (Si/C), 44W wired charging"", ""network"": ""4G LTE, Dual SIM"", ""colors"": ""Glow White, Starlight Grey / Festive Red""}"
VIVO Y05,vivo-y05-4gb-64gb,Vivo,Phone,Smartphone,4GB,64GB,16100.0,1500.0,665.0,0,True,[],[],"The Vivo Y05 is a genuinely affordable smartphone built for buyers who want dependable basics without stretching their budget. Its 6.74-inch 120Hz display offers surprisingly smooth scrolling for an entry-level phone, while the Unisoc T7225 chipset with 4GB of RAM handles everyday calls, messaging, and browsing with ease. A standout 6500mAh battery keeps the phone running through even the longest days, and running the latest Android 16 with OriginOS 6 ensures modern, up-to-date software. With its very low deposit, this is one of the easiest and most affordable ways for customers to own a genuinely capable smartphone.","{""display"": ""6.74-inch IPS LCD, 120Hz"", ""display_resolution"": ""720 x 1600 pixels (HD+)"", ""processor"": ""Unisoc T7225 (12nm) Octa-core"", ""operating_system"": ""Android 16, OriginOS 6"", ""rear_camera"": ""8MP"", ""front_camera"": ""5MP"", ""battery"": ""6500mAh, 15W wired charging"", ""network"": ""4G LTE, Dual SIM"", ""colors"": ""Black, Blue""}"
VIVO Y11D,vivo-y11d-4gb-128gb,Vivo,Phone,Smartphone,4GB,128GB,22550.0,2500.0,875.0,0,True,[],[],"The Vivo Y11D delivers real value for budget-conscious buyers, combining a smooth 6.74-inch 120Hz display with the Unisoc T7225 chipset, 4GB of RAM, and 128GB of storage for comfortable everyday use. The 50MP main camera is a standout at this price point, capturing noticeably sharper photos than typical entry-level cameras, and the 6500mAh battery with 44W fast charging ensures long-lasting power with quick top-ups. Running the latest Android 16 with OriginOS 6, this is a confident, easy recommendation for customers who want strong photography and battery life on a lean budget.","{""display"": ""6.74-inch IPS LCD, 120Hz"", ""display_resolution"": ""720 x 1600 pixels (HD+)"", ""processor"": ""Unisoc T7225 (12nm) Octa-core"", ""operating_system"": ""Android 16, OriginOS 6"", ""rear_camera"": ""50MP + 0.08MP"", ""front_camera"": ""5MP"", ""battery"": ""6500mAh, 44W wired charging"", ""network"": ""4G LTE, Dual SIM"", ""colors"": ""Not specified by manufacturer""}"
VIVO Y05,vivo-y05-4gb-128gb,Vivo,Phone,Smartphone,4GB,128GB,19230.0,2000.0,770.0,0,True,[],[],"This Vivo Y05 variant offers a step up to 128GB of storage, giving buyers extra room for apps and photos while keeping the same smooth 6.74-inch 120Hz display, Unisoc T7225 chipset, and standout 6500mAh battery. It's an excellent, budget-friendly recommendation for customers who want a bit more storage headroom without paying a premium.","{""display"": ""6.74-inch IPS LCD, 120Hz"", ""display_resolution"": ""720 x 1600 pixels (HD+)"", ""processor"": ""Unisoc T7225 (12nm) Octa-core"", ""operating_system"": ""Android 16, OriginOS 6"", ""rear_camera"": ""8MP"", ""front_camera"": ""5MP"", ""battery"": ""6500mAh, 15W wired charging"", ""network"": ""4G LTE, Dual SIM"", ""colors"": ""Black, Blue""}"
VIVO Y500,vivo-y500-6gb-256gb,Vivo,Phone,Smartphone,6GB,256GB,45300.0,7100.0,1540.0,0,True,[],[],"The Vivo Y500 is a genuine battery powerhouse, built around a massive 8200mAh battery with 90W fast charging that easily lasts multiple days on typical use, a standout feature rarely found at this price. Its 6.77-inch AMOLED display at 120Hz delivers vibrant visuals for streaming and gaming, while the MediaTek Dimensity 7300 chipset with 6GB of RAM and 256GB of storage ensures smooth, responsive everyday performance. A 50MP+2MP camera captures sharp, reliable photos, and full 5G connectivity future-proofs the investment. This is an easy, compelling recommendation for buyers who value long battery life above almost everything else.","{""display"": ""6.77-inch AMOLED, 120Hz"", ""display_resolution"": ""1080 x 2392 pixels"", ""processor"": ""MediaTek Dimensity 7300 (4nm) Octa-core"", ""operating_system"": ""Android 15, OriginOS 5"", ""rear_camera"": ""50MP + 2MP"", ""front_camera"": ""8MP"", ""battery"": ""8200mAh, 90W wired charging"", ""network"": ""5G, Dual SIM"", ""colors"": ""Pearl White, Midnight Blue""}"
VIVO Y500,vivo-y500-8gb-256gb,Vivo,Phone,Smartphone,8GB,256GB,50500.0,7900.0,1680.0,0,True,[],[],"This higher-spec Vivo Y500 variant steps up to 8GB of RAM for even smoother multitasking, while retaining the same show-stopping 8200mAh battery with 90W fast charging and the vivid 6.77-inch AMOLED display. Paired with the MediaTek Dimensity 7300 chipset, 256GB of storage, and full 5G support, this configuration is ideal for buyers who want extra performance alongside industry-leading battery life.","{""display"": ""6.77-inch AMOLED, 120Hz"", ""display_resolution"": ""1080 x 2392 pixels"", ""processor"": ""MediaTek Dimensity 7300 (4nm) Octa-core"", ""operating_system"": ""Android 15, OriginOS 5"", ""rear_camera"": ""50MP + 2MP"", ""front_camera"": ""8MP"", ""battery"": ""8200mAh, 90W wired charging"", ""network"": ""5G, Dual SIM"", ""colors"": ""Pearl White, Midnight Blue""}"
ZTE A57,zte-a57-4gb-64gb,Zte,Phone,Smartphone,4GB,64GB,19100.0,1500.0,700.0,0,True,[],[],"The ZTE A57 is a straightforward, budget-friendly smartphone built for buyers who want reliable basics at the lowest possible cost. Its 6.75-inch 90Hz display makes everyday browsing comfortable, while the Unisoc SC9863A chipset with 4GB of RAM handles calls, messaging, and light apps smoothly under the lightweight Android Go Edition software. A 16MP rear camera offers decent everyday photography, and the 5000mAh battery ensures the phone comfortably lasts a full day. With its very low deposit and weekly installment, this is a genuinely accessible option for first-time buyers or anyone needing a dependable backup device.","{""display"": ""6.75-inch IPS LCD, 90Hz"", ""display_resolution"": ""720 x 1600 pixels (HD+)"", ""processor"": ""Unisoc SC9863A1 (22nm) Octa-core"", ""operating_system"": ""Android 15 (Go edition)"", ""rear_camera"": ""16MP"", ""front_camera"": ""8MP"", ""battery"": ""5000mAh, 10W wired charging"", ""network"": ""4G LTE, Dual SIM"", ""colors"": ""Mint Green, Starry Black, Sunset Orange""}"
ZTE A36,zte-a36-2gb-64gb,Zte,Phone,Smartphone,2GB,64GB,13100.0,1000.0,560.0,0,True,[],[],"The ZTE A36 is one of the most accessible smartphones available, purpose-built for buyers on the tightest budgets who still want a genuine, reliable Android experience. Its 6.75-inch display and Unisoc T7200 chipset keep the phone running smoothly for calls, texts, and light browsing, while the 5000mAh battery ensures dependable all-day use. Running Android 15 with a very low deposit and weekly installment, it's an outstanding entry point for first-time smartphone owners who need a trustworthy device without a large upfront cost.","{""display"": ""6.75-inch IPS LCD, 90Hz"", ""display_resolution"": ""720 x 1600 pixels (HD+)"", ""processor"": ""Unisoc T7200 (12nm) Octa-core"", ""operating_system"": ""Android 15"", ""rear_camera"": ""13MP"", ""front_camera"": ""5MP"", ""battery"": ""5000mAh, 10W wired charging"", ""network"": ""4G LTE, Dual SIM"", ""colors"": ""Black, Green, Silver""}"
ZTE A56,zte-a56-4gb-128gb,Zte,Phone,Smartphone,4GB,128GB,15200.0,1500.0,560.0,0,True,[],[],"The ZTE A56 offers noticeably more value than typical entry-level phones, pairing a 6.75-inch display with the Unisoc T7200 chipset, 4GB of RAM, and a generous 128GB of storage. Its triple rear camera setup, headlined by a 13MP main sensor, captures better everyday photos than most phones in its class, and the 5000mAh battery keeps it running through a full day. With its low deposit and weekly installment, this is a smart, confident recommendation for buyers who want more storage and camera versatility on a modest budget.","{""display"": ""6.75-inch IPS LCD, 90Hz"", ""display_resolution"": ""720 x 1600 pixels (HD+)"", ""processor"": ""Unisoc T7200 (12nm) Octa-core"", ""operating_system"": ""Android 15"", ""rear_camera"": ""13MP + 0.08MP + 0.08MP"", ""front_camera"": ""8MP"", ""battery"": ""5000mAh, 10W wired charging"", ""network"": ""4G LTE, Dual SIM"", ""colors"": ""Celestial Black, Floating Gold""}"
ZTE A76,zte-a76-4gb-128gb,Zte,Phone,Smartphone,4GB,128GB,17250.0,2000.0,630.0,0,True,[],[],"The ZTE A76 stands out with a genuinely capable 50MP main camera, a rare find at this price point, delivering sharp, detailed photos that outperform typical budget smartphones. Its 6.75-inch 90Hz display makes everyday use comfortable, the Unisoc T8300 chipset with 4GB of RAM and 128GB of storage handles multitasking smoothly, and the 5000mAh battery with 22.5W fast charging keeps the phone powered through the day with quicker top-ups than most phones in its class. With flexible 4G/5G connectivity depending on variant, this is a compelling, confident recommendation for budget-conscious buyers who still want strong camera performance.","{""display"": ""6.75-inch IPS LCD, 90Hz"", ""display_resolution"": ""720 x 1612 pixels (HD+)"", ""processor"": ""Unisoc T8300 (6nm) Octa-core"", ""operating_system"": ""Android 15"", ""rear_camera"": ""50MP + auxiliary lens"", ""front_camera"": ""8MP"", ""battery"": ""5000mAh, 22.5W wired charging"", ""network"": ""4G LTE / 5G (variant dependent), Dual SIM"", ""colors"": ""Black, Blue""}"
ZTE A36,zte-a36-4gb-64gb,Zte,Phone,Smartphone,4GB,64GB,14000.0,1300.0,525.0,0,True,[],[],"This accessible ZTE A36 variant offers the same dependable 6.75-inch display and Unisoc T7200 chipset as its sibling, with 4GB of RAM and 64GB of storage at an even lower price point. It's built for buyers who want the most affordable possible entry into smartphone ownership, backed by a genuinely low deposit and weekly installment, making it an easy, confident recommendation for first-time buyers or anyone needing a dependable, no-frills device.","{""display"": ""6.75-inch IPS LCD, 90Hz"", ""display_resolution"": ""720 x 1600 pixels (HD+)"", ""processor"": ""Unisoc T7200 (12nm) Octa-core"", ""operating_system"": ""Android 15"", ""rear_camera"": ""13MP"", ""front_camera"": ""5MP"", ""battery"": ""5000mAh, 10W wired charging"", ""network"": ""4G LTE, Dual SIM"", ""colors"": ""Black, Green, Silver""}"
Amaya TWS Earbuds Pro,amaya-tws-earbuds-pro,Amaya,Accessories,Headphones,,,2000.0,0.0,,0,True,"[""https://res.cloudinary.com/el6nseiu/image/upload/v1786111745/Amaya_TWS_Earbuds_Pro_sbkmtu.webp""]","[""Amaya_TWS_Earbuds_Pro_sbkmtu""]",,{}
Amaya TWS Earbuds Basic,amaya-tws-earbuds-basic,Amaya,Accessories,Headphones,,,1200.0,0.0,,0,True,"[""https://res.cloudinary.com/el6nseiu/image/upload/v1786111744/Amaya_TWS_Earbuds_Basic_u5o9vd.webp""]","[""Amaya_TWS_Earbuds_Basic_u5o9vd""]",,{}
Amaya Type-C Earphones,amaya-type-c-earphones,Amaya,Accessories,Headphones,,,900.0,0.0,,0,True,"[""https://res.cloudinary.com/el6nseiu/image/upload/v1786111744/Amaya_Type-C_Earphones_kweped.jpg""]","[""Amaya_Type-C_Earphones_kweped""]",,{}
Amaya Wired Earphones,amaya-wired-earphones,Amaya,Accessories,Headphones,,,600.0,0.0,,0,True,"[""https://res.cloudinary.com/el6nseiu/image/upload/v1786111743/Amaya_Wired_Earphones_bikcpk.jpg""]","[""Amaya_Wired_Earphones_bikcpk""]",,{}
Samsung USB-C AKG Earphones,samsung-usb-c-akg-earphones,Samsung,Accessories,Headphones,,,2000.0,0.0,,0,True,"[""https://res.cloudinary.com/el6nseiu/image/upload/v1786111745/Samsung_USB-C_AKG_Earphones_oab2ts.jpg""]","[""Samsung_USB-C_AKG_Earphones_oab2ts""]",,{}
Samsung 15W Fast Charger,samsung-15w-fast-charger,Samsung,Accessories,Chargers,,,1500.0,0.0,,0,True,"[""https://res.cloudinary.com/el6nseiu/image/upload/v1786111742/Samsung_15W_Fast_Charger_eqyuko.webp""]","[""Samsung_15W_Fast_Charger_eqyuko""]",,{}
Samsung 25W Super Fast Charger,samsung-25w-super-fast-charger,Samsung,Accessories,Chargers,,,2300.0,0.0,,0,True,"[""https://res.cloudinary.com/el6nseiu/image/upload/v1786111742/Samsung_25W_Super_Fast_Charger_aghfht.jpg""]","[""Samsung_25W_Super_Fast_Charger_aghfht""]",,{}
Samsung 45W Super Fast Charger,samsung-45w-super-fast-charger,Samsung,Accessories,Chargers,,,3800.0,0.0,,0,True,"[""https://res.cloudinary.com/el6nseiu/image/upload/v1786111741/Samsung_45W_Super_Fast_Charger_ki4cpu.jpg""]","[""Samsung_45W_Super_Fast_Charger_ki4cpu""]",,{}
Amaya 18W Fast Charger,amaya-18w-fast-charger,Amaya,Accessories,Chargers,,,750.0,0.0,,0,True,"[""https://res.cloudinary.com/el6nseiu/image/upload/v1786111741/Amaya_18W_Fast_Charger_ptwjvq.jpg""]","[""Amaya_18W_Fast_Charger_ptwjvq""]",,{}
Amaya 20W USB-C PD Charger,amaya-20w-usb-c-pd-charger,Amaya,Accessories,Chargers,,,850.0,0.0,,0,True,"[""https://res.cloudinary.com/el6nseiu/image/upload/v1786111741/Amaya_20W_USB-C_PD_Charger_ggiyh4.jpg""]","[""Amaya_20W_USB-C_PD_Charger_ggiyh4""]",,{}
Amaya 25W Super Fast Charger,amaya-25w-super-fast-charger,Amaya,Accessories,Chargers,,,900.0,0.0,,0,True,"[""https://res.cloudinary.com/el6nseiu/image/upload/v1786111741/Amaya_25W_Super_Fast_Charger_va3bzd.jpg""]","[""Amaya_25W_Super_Fast_Charger_va3bzd""]",,{}
Amaya Dual USB Fast Charger,amaya-dual-usb-fast-charger,Amaya,Accessories,Chargers,,,850.0,0.0,,0,True,"[""https://res.cloudinary.com/el6nseiu/image/upload/v1786111741/Amaya_Dual_USB_Fast_Charger_lstg0c.jpg""]","[""Amaya_Dual_USB_Fast_Charger_lstg0c""]",,{}
Amaya USB-C Charger Kit (Adapter + Cable),amaya-usb-c-charger-kit-adapter-cable,Amaya,Accessories,Chargers,,,1000.0,0.0,,0,True,"[""https://res.cloudinary.com/el6nseiu/image/upload/v1786111741/Amaya_USB-C_Charger_Kit_Adapter_Cable_ejeod1.webp""]","[""Amaya_USB-C_Charger_Kit_Adapter_Cable_ejeod1""]",,{}
Amaya QC3.0 Fast Charger,amaya-qc3-0-fast-charger,Amaya,Accessories,Chargers,,,950.0,0.0,,0,True,"[""https://res.cloudinary.com/el6nseiu/image/upload/v1786111741/Amaya_QC3.0_Fast_Charger_b6hukx.webp""]","[""Amaya_QC3.0_Fast_Charger_b6hukx""]",,{}
Amaya Type-C Fast Charger,amaya-type-c-fast-charger,Amaya,Accessories,Chargers,,,1000.0,0.0,,0,True,"[""https://res.cloudinary.com/el6nseiu/image/upload/v1786111741/Amaya_Type-C_Fast_Charger_z6pfhk.webp""]","[""Amaya_Type-C_Fast_Charger_z6pfhk""]",,{}
